datetime_utc, _conds, _dewptm, _fog, _hail, _heatindexm, _hum, _precipm, _pressurem, _rain, _snow, _tempm, _thunder, _tornado, _vism, _wdird, _wdire, _wgustm, _windchillm, _wspdm
2017010,Patches of Fog,10,1,0,,100,,1016,0,0,10,0,0,0.5,,,,,0
20170101-01:00,Fog,9,1,0,,100,,-9999,0,0,9,0,0,0.5,0,North,,,0
20170101-01:30,Fog,9,1,0,,100,,-9999,0,0,9,0,0,0.4,0,North,,,0
20170101-02:00,Fog,9,1,0,,100,,1017,0,0,9,0,0,0.3,0,North,,,0
20170101-03:00,Patches of Fog,9,1,0,,100,,1018,0,0,9,0,0,0.5,,,,,0
20170101-03:30,Fog,10,1,0,,100,,1018,0,0,10,0,0,0.3,0,North,,,0
20170101-04:00,Fog,13,1,0,,100,,1018,0,0,13,0,0,0.4,0,North,,,0
20170101-04:30,Fog,13,1,0,,100,,1018,0,0,13,0,0,0.6,0,North,,,0
20170101-05:00,Fog,14,1,0,,82,,1019,0,0,17,0,0,0.6,90,East,,,5.6
20170101-05:30,Fog,15,1,0,,88,,1019,0,0,17,0,0,0.8,40,NE,,,3.7
20170101-06:00,Smoke,15,0,0,,66,,1018,0,0,20,0,0,0.5,110,ESE,,,5.6
20170101-06:30,Smoke,15,0,0,,73,,1018,0,0,20,0,0,0.8,80,East,,,3.7
20170101-07:00,Smoke,15,0,0,,68,,1017,0,0,21,0,0,1,60,ENE,,,3.7
20170101-07:30,Smoke,16,0,0,,69,,1017,0,0,22,0,0,1.2,100,East,,,9.3
20170101-08:30,Smoke,16,0,0,,65,,1016,0,0,23,0,0,1.4,60,ENE,,,11.1
20170101-09:00,Haze,16,0,0,,62,,1015,0,0,22,0,0,2,70,ENE,,,7.4
20170101-09:30,Haze,17,0,0,,69,,1015,0,0,23,0,0,3,70,ENE,,,7.4
20170101-10:30,Haze,17,0,0,,69,,1015,0,0,23,0,0,3,40,NE,,,5.6
20170101-12:00,Mist,17,0,0,,73,,1014,0,0,20,0,0,2,,,,,0
20170101-13:00,Mist,17,0,0,,100,,1015,0,0,17,0,0,3,0,North,,,0
20170101-15:00,Mist,14,0,0,,94,,1017,0,0,14,0,0,2,,,,,0
20170101-18:00,Mist,13,0,0,,98,,1017,0,0,13,0,0,2,,,,,0
20170101-21:00,Mist,12,0,0,,99,,1018,0,0,12,0,0,0.5,,,,,0
20170102-00:00,Patches of Fog,11,1,0,,100,,1017,0,0,11,0,0,0.5,,,,,0
20170102-02:00,Fog,11,1,0,,100,,1018,0,0,11,0,0,0.4,0,North,,,0
20170102-03:00,Partial Fog,11,1,0,,99,,1020,0,0,11,0,0,0.2,,,,,0
20170102-04:00,Fog,13,1,0,,94,,1020,0,0,14,0,0,0.6,0,North,,,0
20170102-06:00,Smoke,14,0,0,,60,,1019,0,0,19,0,0,1,50,NE,,,3.7
20170102-06:30,Smoke,14,0,0,,64,,1019,0,0,21,0,0,1.5,50,NE,,,3.7
20170102-07:00,Smoke,15,0,0,,64,,1019,0,0,22,0,0,1.5,70,ENE,,,5.6
20170102-07:30,Haze,15,0,0,,61,,1018,0,0,23,0,0,2.5,70,ENE,,,5.6
20170102-08:00,Haze,14,0,0,,57,,1018,0,0,23,0,0,2.5,70,ENE,,,3.7
20170102-09:00,Haze,15,0,0,,49,,1017,0,0,24,0,0,2,,,,,0
20170102-10:00,Haze,16,0,0,,61,,1017,0,0,24,0,0,2.5,60,ENE,,,9.3
20170102-10:30,Haze,15,0,0,,61,,1017,0,0,23,0,0,2.5,10,North,,,5.6
20170102-11:00,Haze,17,0,0,,69,,1017,0,0,23,0,0,2.5,0,North,,,0
20170102-12:00,Mist,18,0,0,,76,,1017,0,0,21,0,0,1,250,WSW,,,9.3
20170102-12:30,Partly Cloudy,17,0,0,,83,,1018,0,0,20,0,0,1.5,270,West,,,5.6
20170102-15:00,Mist,16,0,0,,93,,1019,0,0,17,0,0,0.5,,,,,0
20170102-18:00,Light Fog,14,1,0,,99,,1020,0,0,14,0,0,0.5,,,,,0
20170102-21:00,Partial Fog,12,1,0,,100,,1019,0,0,12,0,0,0.2,,,,,0
20170103-00:00,Partial Fog,11,1,0,,100,,1019,0,0,11,0,0,0.2,,,,,0
20170103-03:00,Heavy Fog,11,1,0,,98,,1020,0,0,11,0,0,0.05,250,WSW,,,5.6
20170103-03:30,Fog,12,1,0,,100,,1020,0,0,12,0,0,0.1,280,West,,,7.4
20170103-04:00,Fog,12,1,0,,100,,1021,0,0,12,0,0,0.1,250,WSW,,,7.4
20170103-05:00,Fog,13,1,0,,94,,1021,0,0,14,0,0,0.8,230,SW,,,7.4
20170103-05:30,Smoke,13,0,0,,73,,1020,0,0,18,0,0,1,290,WNW,,,3.7
20170103-06:00,Smoke,12,0,0,,60,,1020,0,0,19,0,0,1,320,NW,,,5.6
20170103-07:00,Smoke,14,0,0,,60,,1019,0,0,22,0,0,1.5,320,NW,,,3.7
20170103-09:00,Smoke,16,0,0,,53,,1016,0,0,24,0,0,1,270,West,,,7.4
20170103-10:00,Smoke,16,0,0,,65,,1017,0,0,23,0,0,1.5,290,WNW,,,7.4
20170103-10:30,Smoke,16,0,0,,69,,1017,0,0,22,0,0,1.5,310,NW,,,7.4
20170103-11:00,Smoke,16,0,0,,69,,1017,0,0,22,0,0,1.5,290,WNW,,,5.6
20170103-11:30,Scattered Clouds,17,0,0,,78,,1017,0,0,21,0,0,1.5,280,West,,,3.7
20170103-12:00,Mist,16,0,0,,72,,1016,0,0,20,0,0,1,,,,,0
20170103-13:00,Partly Cloudy,15,0,0,,88,,1017,0,0,17,0,0,1.5,0,North,,,0
20170103-15:00,Mist,15,0,0,,99,,1018,0,0,15,0,0,1,,,,,0
20170103-18:00,Patches of Fog,13,1,0,,97,,1018,0,0,13,0,0,0.5,,,,,0
20170103-21:00,Partial Fog,12,1,0,,99,,1017,0,0,12,0,0,0.2,,,,,0
20170104-00:00,Partial Fog,10,1,0,,100,,1016,0,0,10,0,0,0.2,,,,,0
20170104-02:00,Fog,10,1,0,,100,,1016,0,0,10,0,0,0.2,0,North,,,0
20170104-02:30,Fog,9,1,0,,94,,1016,0,0,10,0,0,0.2,0,North,,,0
20170104-03:00,Partial Fog,10,1,0,,95,,1018,0,0,10,0,0,0.2,,,,,0
20170104-04:00,Fog,12,1,0,,88,,1018,0,0,14,0,0,0.8,200,SSW,,,3.7
20170104-04:30,Mist,14,0,0,,73,,1018,0,0,19,0,0,1,190,South,,,5.6
20170104-06:00,Smoke,14,0,0,,46,,1016,0,0,23,0,0,1,140,SE,,,7.4
20170104-06:30,Smoke,13,0,0,,53,,1017,0,0,23,0,0,1.8,230,SW,,,13
20170104-07:00,Smoke,13,0,0,,50,,1016,0,0,24,0,0,2,200,SSW,,,11.1
20170104-08:00,Smoke,14,0,0,,50,,1015,0,0,25,0,0,2.5,210,SSW,,,7.4
20170104-09:00,Smoke,14,0,0,,41,,1014,0,0,25,0,0,2,110,ESE,,,5.6
20170104-09:30,Haze,14,0,0,,50,,1015,0,0,25,0,0,3,80,East,,,7.4
20170104-10:30,Haze,14,0,0,,50,,1014,0,0,25,0,0,3,140,SE,,,7.4
20170104-11:00,Haze,14,0,0,,53,,1014,0,0,24,0,0,3,150,SSE,,,7.4
20170104-11:30,Haze,14,0,0,,53,,1014,0,0,24,0,0,3,130,SE,,,3.7
20170104-12:00,Haze,15,0,0,,58,,1014,0,0,22,0,0,2,140,SE,,,5.6
20170104-12:30,Haze,15,0,0,,73,,1014,0,0,20,0,0,2,150,SSE,,,5.6
20170104-15:00,Mist,14,0,0,,84,,1016,0,0,16,0,0,2,,,,,0
20170104-18:00,Mist,13,0,0,,95,,1017,0,0,13,0,0,1,,,,,0
20170104-21:00,Patches of Fog,12,1,0,,95,,1016,0,0,12,0,0,0.5,,,,,0
20170105-00:00,Patches of Fog,11,1,0,,100,,1015,0,0,11,0,0,0.5,,,,,0
20170105-02:00,Fog,11,1,0,,100,,1015,0,0,11,0,0,0.3,0,North,,,0
20170105-03:00,Partial Fog,10,1,0,,99,,1016,0,0,11,0,0,0.5,,,,,0
20170105-04:00,Fog,13,1,0,,94,,1016,0,0,14,0,0,0.7,220,SW,,,3.7
20170105-04:30,Mist,13,0,0,,88,,1016,0,0,15,0,0,0.8,180,South,,,3.7
20170105-05:00,Smoke,13,0,0,,68,,1017,0,0,19,0,0,1,290,WNW,,,7.4
20170105-05:30,Smoke,12,0,0,,60,,1017,0,0,20,0,0,1.6,270,West,,,5.6
20170105-06:00,Smoke,15,0,0,,60,,1016,0,0,20,0,0,2,250,WSW,,,7.4
20170105-07:00,Smoke,14,0,0,,57,,1015,0,0,23,0,0,3,250,WSW,,,9.3
20170105-08:00,Smoke,16,0,0,,57,,1013,0,0,25,0,0,3,290,WNW,,,5.6
20170105-08:30,Smoke,16,0,0,,57,,1013,0,0,25,0,0,3,280,West,,,5.6
20170105-09:00,Haze,16,0,0,,48,,1012,0,0,25,0,0,2,0,North,,,3.7
20170105-11:00,Haze,14,0,0,,53,,1012,0,0,24,0,0,3,320,NW,,,3.7
20170105-11:30,Haze,14,0,0,,57,,1012,0,0,23,0,0,3,330,NNW,,,3.7
20170105-12:00,Haze,16,0,0,,62,,1012,0,0,22,0,0,2,,,,,0
20170105-15:00,Mist,15,0,0,,91,,1014,0,0,16,0,0,2,,,,,0
20170105-18:00,Mist,14,0,0,,100,,1014,0,0,14,0,0,2,,,,,0
20170105-21:00,Mist,13,0,0,,98,,1013,0,0,13,0,0,1,,,,,0
20170106-00:00,Mist,14,0,0,,98,,1012,0,0,14,0,0,1,140,SE,,,3.7
20170106-02:00,Fog,14,1,0,,100,,1012,0,0,14,0,0,0.6,140,SE,,,5.6
20170106-02:30,Fog,14,1,0,,94,,1013,0,0,15,0,0,0.8,90,East,,,3.7
20170106-03:00,Patches of Fog,14,1,0,,92,,1013,0,0,15,0,0,0.5,140,SE,,,7.4
20170106-03:30,Mist,15,0,0,,94,,1013,0,0,16,0,0,1,140,SE,,,7.4
20170106-04:00,Mist,15,0,0,,88,,1013,0,0,17,0,0,1.2,140,SE,,,9.3
20170106-05:00,Mist,15,0,0,,78,,1014,0,0,19,0,0,1.2,160,SSE,,,13
20170106-05:30,Smoke,14,0,0,,68,,1013,0,0,20,0,0,1.2,160,SSE,,,9.3
20170106-06:00,Smoke,14,0,0,,57,,1013,0,0,21,0,0,1,140,SE,,,7.4
20170106-07:00,Smoke,15,0,0,,64,,1013,0,0,22,0,0,1.5,140,SE,,,9.3
20170106-07:30,Haze,15,0,0,,64,,1012,0,0,22,0,0,2,110,ESE,,,7.4
20170106-08:00,Haze,16,0,0,,65,,1011,0,0,23,0,0,2.5,110,ESE,,,9.3
20170106-08:30,Haze,16,0,0,,61,,1011,0,0,24,0,0,2.5,90,East,,,11.1
20170106-09:00,Haze,16,0,0,,52,,1010,0,0,24,0,0,2,110,ESE,,,11.1
20170106-10:00,Haze,17,0,0,,65,,1010,0,0,24,0,0,2.5,100,East,,,7.4
20170106-11:00,Haze,18,0,0,,73,,1010,0,0,23,0,0,2.5,120,ESE,,,14.8
20170106-11:30,Haze,17,0,0,,73,,1010,0,0,22,0,0,2,130,SE,,,9.3
20170106-12:00,Mist,18,0,0,,76,,1010,0,0,21,0,0,2,110,ESE,,,5.6
20170106-13:00,Partly Cloudy,16,0,0,,88,,1011,0,0,18,0,0,1.5,90,East,,,7.4
20170106-15:00,Mist,17,0,0,,96,,1012,0,0,18,0,0,1,70,ENE,,,7.4
20170106-18:00,Mist,16,0,0,,99,,1012,0,0,17,0,0,1,140,SE,,,11.1
20170106-21:00,Light Fog,16,1,0,,100,,1011,0,0,16,0,0,1,110,ESE,,,13
20170107-00:00,Overcast,15,0,0,,100,,1010,0,0,15,0,0,1,,,,,5.6
20170107-02:00,Light Rain,14,0,0,,100,,1011,1,0,14,0,0,0.5,60,ENE,,,7.4
20170107-02:30,Light Rain,14,0,0,,100,,1011,1,0,14,0,0,0.4,60,ENE,,,14.8
20170107-03:00,Patches of Fog,14,1,0,,100,,1012,0,0,14,0,0,0.5,90,East,,,9.3
20170107-03:30,Overcast,14,0,0,,100,,1012,0,0,14,0,0,1.2,100,East,,,16.7
20170107-04:00,Overcast,14,0,0,,100,,1012,0,0,14,0,0,1,90,East,,,16.7
20170107-04:30,Overcast,14,0,0,,100,,1012,0,0,14,0,0,1,90,East,,,13
20170107-05:30,Overcast,14,0,0,,100,,1013,0,0,14,0,0,1,110,ESE,,,22.2
20170107-06:00,Mist,14,0,0,,94,,1013,0,0,14,0,0,1,110,ESE,,,14.8
20170107-06:30,Overcast,14,0,0,,100,,1012,0,0,14,0,0,1.2,110,ESE,,,11.1
20170107-07:00,Overcast,14,0,0,,94,,1011,0,0,15,0,0,1.2,100,East,,,9.3
20170107-07:30,Mostly Cloudy,14,0,0,,94,,1011,0,0,15,0,0,1.4,90,East,,,18.5
20170107-08:00,Overcast,14,0,0,,94,,1011,0,0,15,0,0,1.4,90,East,,,11.1
20170107-08:30,Overcast,14,0,0,,88,,1010,0,0,16,0,0,1.2,90,East,,,9.3
20170107-09:00,Mist,14,0,0,,90,,1010,0,0,16,0,0,1,90,East,,,11.1
20170107-09:30,Overcast,14,0,0,,88,,1010,0,0,16,0,0,1,90,East,,,11.1
20170107-10:00,Overcast,14,0,0,,88,,1010,0,0,16,0,0,1,110,ESE,,,5.6
20170107-10:30,Overcast,14,0,0,,94,,1010,0,0,15,0,0,1,110,ESE,,,7.4
20170107-12:00,Mist,15,0,0,,92,,1010,0,0,16,0,0,1,110,ESE,,,5.6
20170107-12:30,Fog,15,1,0,,94,,1010,0,0,16,0,0,0.8,110,ESE,,,5.6
20170107-13:00,Fog,15,1,0,,100,,1011,0,0,15,0,0,0.8,90,East,,,3.7
20170107-15:00,Patches of Fog,14,1,0,,96,,1013,0,0,14,0,0,0.5,110,ESE,,,3.7
20170107-18:00,Patches of Fog,14,1,0,,97,,1014,0,0,14,0,0,0.5,90,East,,,3.7
20170107-21:00,Patches of Fog,13,1,0,,97,,1014,0,0,13,0,0,0.5,90,East,,,3.7
20170108-00:00,Mist,12,0,0,,97,,1014,0,0,13,0,0,1,110,ESE,,,3.7
20170108-02:00,Fog,12,1,0,,94,,1015,0,0,13,0,0,0.5,0,North,,,0
20170108-02:30,Fog,13,1,0,,100,,1015,0,0,13,0,0,0.5,0,North,,,0
20170108-03:00,Patches of Fog,,1,0,,,,1016,0,0,,0,0,0.5,,,,,0
20170108-03:30,Fog,13,1,0,,100,,1016,0,0,13,0,0,0.6,0,North,,,0
20170108-04:30,Fog,14,1,0,,94,,1017,0,0,15,0,0,0.8,0,North,,,0
20170108-05:00,Scattered Clouds,14,0,0,,94,,1017,0,0,15,0,0,0.8,60,ENE,,,5.6
20170108-06:00,Mist,14,0,0,,72,,1017,0,0,17,0,0,1,90,East,,,7.4
20170108-06:30,Scattered Clouds,14,0,0,,82,,1017,0,0,17,0,0,1,180,South,,,7.4
20170108-07:00,Scattered Clouds,13,0,0,,77,,1016,0,0,17,0,0,1,0,North,,,0
20170108-07:30,Smoke,13,0,0,,77,,1016,0,0,17,0,0,1.2,40,NE,,,3.7
20170108-08:00,Smoke,14,0,0,,77,,1016,0,0,18,0,0,1.4,20,NNE,,,5.6
20170108-09:00,Smoke,14,0,0,,60,,1015,0,0,19,0,0,1,,,,,0
20170108-10:00,Smoke,12,0,0,,60,,1014,0,0,20,0,0,1.5,0,North,,,0
20170108-10:30,Smoke,12,0,0,,60,,1014,0,0,20,0,0,1.5,0,North,,,0
20170108-11:30,Smoke,14,0,0,,73,,1014,0,0,19,0,0,1.5,0,North,,,0
20170108-12:00,Mist,15,0,0,,76,,1014,0,0,18,0,0,1,,,,,0
20170108-15:00,Mist,13,0,0,,98,,1016,0,0,13,0,0,1,,,,,0
20170108-18:00,Mist,11,0,0,,98,,1016,0,0,11,0,0,1,,,,,0
20170108-21:00,Mist,10,0,0,,98,,1016,0,0,10,0,0,1,320,NW,,,5.6
20170109-00:00,Patches of Fog,10,1,0,,100,,1015,0,0,10,0,0,0.5,,,,,0
20170109-02:00,Fog,10,1,0,,100,,1015,0,0,10,0,0,0.6,0,North,,,0
20170109-03:00,Patches of Fog,10,1,0,,100,,1017,0,0,10,0,0,0.5,,,,,0
20170109-03:30,Fog,10,1,0,,100,,1017,0,0,10,0,0,0.8,0,North,,,0
20170109-04:00,Fog,11,1,0,,94,,1017,0,0,12,0,0,0.8,290,WNW,,,5.6
20170109-04:30,Fog,12,1,0,,94,,1017,0,0,13,0,0,0.8,290,WNW,,,5.6
20170109-05:00,Partly Cloudy,11,0,0,,77,,1018,0,0,15,0,0,0.8,290,WNW,,,5.6
20170109-05:30,Partly Cloudy,11,0,0,,72,,1018,0,0,16,0,0,0.8,230,SW,,,9.3
20170109-06:00,Patches of Fog,14,1,0,,81,,1017,0,0,16,0,0,1,320,NW,,,9.3
20170109-06:30,Partly Cloudy,12,0,0,,72,,1017,0,0,17,0,0,0.8,290,WNW,,,13
20170109-07:00,Partly Cloudy,13,0,0,,77,,1016,0,0,17,0,0,0.8,270,West,,,13
20170109-08:00,Smoke,11,0,0,,60,,1016,0,0,19,0,0,1.4,270,West,,,11.1
20170109-08:30,Smoke,11,0,0,,60,,1015,0,0,19,0,0,1.5,310,NW,,,11.1
20170109-09:00,Smoke,12,0,0,,56,,1015,0,0,19,0,0,1,290,WNW,,,9.3
20170109-10:00,Haze,12,0,0,,64,,1015,0,0,19,0,0,2,320,NW,,,9.3
20170109-11:00,Haze,12,0,0,,68,,1014,0,0,18,0,0,2,270,West,,,11.1
20170109-11:30,Haze,11,0,0,,64,,1014,0,0,18,0,0,2,270,West,,,11.1
20170109-12:00,Haze,12,0,0,,66,,1014,0,0,17,0,0,2,320,NW,,,9.3
20170109-15:00,Mist,12,0,0,,98,,1016,0,0,12,0,0,1,,,,,0
20170109-18:00,Mist,10,0,0,,95,,1016,0,0,10,0,0,1,,,,,0
20170109-21:00,Mist,9,0,0,,99,,1016,0,0,9,0,0,1,270,West,,,3.7
20170110-00:00,Mist,7,0,0,,100,,1016,0,0,7,0,0,1,270,West,,,3.7
20170110-02:00,Fog,6,1,0,,100,,1016,0,0,6,0,0,0.8,270,West,,,3.7
20170110-02:30,Fog,6,1,0,,93,,1016,0,0,7,0,0,0.8,0,North,,,0
20170110-03:00,Mist,6,0,0,,96,,1017,0,0,7,0,0,1,270,West,,,3.7
20170110-04:30,Mist,10,0,0,,82,,1017,0,0,13,0,0,3,270,West,,,11.1
20170110-05:00,Mist,9,0,0,,72,,1018,0,0,14,0,0,3,320,NW,,,11.1
20170110-05:30,Haze,10,0,0,,72,,1018,0,0,15,0,0,3,320,NW,,,11.1
20170110-06:00,Haze,8,0,0,,46,,1018,0,0,16,0,0,2,340,NNW,,,14.8
20170110-07:30,Haze,3,0,0,,39,,1017,0,0,17,0,0,4,290,WNW,,,18.5
20170110-08:00,Haze,4,0,0,,40,,1016,0,0,18,0,0,4,300,WNW,,,18.5
20170110-08:30,Haze,5,0,0,,42,,1016,0,0,18,0,0,4,290,WNW,,,22.2
20170110-09:00,Haze,7,0,0,,40,,1016,0,0,17,0,0,4,290,WNW,,,22.2
20170110-12:00,Haze,7,0,0,,47,,1016,0,0,15,0,0,4,290,WNW,,,9.3
20170110-12:30,Haze,9,0,0,,72,,1016,0,0,14,0,0,3.5,300,WNW,,,5.6
20170110-13:00,Haze,7,0,0,,63,,1016,0,0,14,0,0,3,300,WNW,,,5.6
20170110-15:00,Mist,9,0,0,,94,,1018,0,0,9,0,0,4,,,,,0
20170110-18:00,Patches of Fog,6,1,0,,99,,1019,0,0,6,0,0,4,290,WNW,,,3.7
20170110-21:00,Patches of Fog,5,1,0,,98,,1018,0,0,5,0,0,4,270,West,,,3.7
20170111-00:00,Partial Fog,5,1,0,,98,,1017,0,0,5,0,0,4,270,West,,,14.8
20170111-02:00,Fog,5,1,0,,100,,1017,0,0,5,0,0,0.4,260,West,,,3.7
20170111-02:30,Fog,5,1,0,,100,,1017,0,0,5,0,0,0.4,260,West,,,3.7
20170111-03:00,Mist,4,0,0,,78,,1018,0,0,6,0,0,1,270,West,,,5.6
20170111-03:30,Mist,4,0,0,,81,,1018,0,0,7,0,0,1.5,280,West,,4.9,11.1
20170111-06:00,Haze,6,0,0,,46,,1018,0,0,14,0,0,2,290,WNW,,,16.7
20170111-06:30,Haze,6,0,0,,55,,1018,0,0,15,0,0,2,280,West,,,18.5
20170111-07:00,Haze,7,0,0,,55,,1017,0,0,16,0,0,2,280,West,,,18.5
20170111-08:00,Haze,7,0,0,,52,,1016,0,0,17,0,0,2.5,270,West,,,18.5
20170111-08:30,Haze,6,0,0,,48,,1016,0,0,17,0,0,3.5,280,West,,,13
20170111-09:00,Haze,8,0,0,,42,,1016,0,0,17,0,0,2,270,West,,,18.5
20170111-10:30,Haze,7,0,0,,55,,1015,0,0,16,0,0,3,270,West,,,22.2
20170111-12:00,Haze,8,0,0,,55,,1016,0,0,14,0,0,2,320,NW,,,7.4
20170111-12:30,Haze,8,0,0,,72,,1016,0,0,13,0,0,3,310,NW,,,3.7
20170111-13:00,Mist,7,0,0,,72,,1016,0,0,12,0,0,2.5,0,North,,,0
20170111-15:00,Mist,7,0,0,,94,,1017,0,0,8,0,0,2,,,,,0
20170111-18:00,Mist,6,0,0,,95,,1018,0,0,6,0,0,0.5,,,,,0
20170111-21:00,Partial Fog,5,1,0,,100,,1016,0,0,5,0,0,0.2,,,,,0
20170112-00:00,Partial Fog,4,1,0,,98,,1017,0,0,4,0,0,0.2,,,,,0
20170112-02:00,Fog,4,1,0,,100,,1016,0,0,4,0,0,0.3,230,SW,,,3.7
20170112-02:30,Fog,5,1,0,,100,,1016,0,0,5,0,0,0.3,230,SW,,,3.7
20170112-03:00,Patches of Fog,5,1,0,,99,,1018,0,0,5,0,0,0.5,,,,,0
20170112-04:00,Mist,6,0,0,,82,,1018,0,0,9,0,0,1,250,WSW,,,11.1
20170112-05:00,Smoke,6,0,0,,67,,1018,0,0,12,0,0,1.2,230,SW,,,7.4
20170112-06:00,Smoke,6,0,0,,50,,1018,0,0,14,0,0,1,230,SW,,,11.1
20170112-07:00,Smoke,7,0,0,,52,,1017,0,0,17,0,0,1.5,290,WNW,,,11.1
20170112-07:30,Smoke,7,0,0,,52,,1016,0,0,17,0,0,2.5,280,West,,,13
20170112-08:00,Smoke,8,0,0,,55,,1016,0,0,17,0,0,2.5,250,WSW,,,13
20170112-08:30,Smoke,9,0,0,,56,,1016,0,0,18,0,0,2,270,West,,,11.1
20170112-09:00,Smoke,8,0,0,,44,,1015,0,0,18,0,0,2,320,NW,,,14.8
20170112-11:00,Haze,10,0,0,,59,,1014,0,0,18,0,0,2.5,300,WNW,,,14.8
20170112-12:00,Haze,10,0,0,,57,,1015,0,0,16,0,0,2,290,WNW,,,7.4
20170112-12:30,Haze,10,0,0,,72,,1015,0,0,15,0,0,2,280,West,,,3.7
20170112-13:00,Mist,10,0,0,,82,,1015,0,0,13,0,0,1,0,North,,,0
20170112-15:00,Mist,9,0,0,,92,,1017,0,0,9,0,0,2,,,,,0
20170112-18:00,Mist,7,0,0,,100,,1017,0,0,7,0,0,1,,,,,0
20170112-21:00,Patches of Fog,6,1,0,,100,,1017,0,0,6,0,0,0.5,,,,,0
20170113-00:00,Patches of Fog,5,1,0,,100,,1017,0,0,5,0,0,0.5,,,,,0
20170113-03:00,Partial Fog,6,1,0,,94,,1018,0,0,6,0,0,0.5,250,WSW,,,3.7
20170113-03:30,Fog,6,1,0,,93,,1018,0,0,7,0,0,0.3,280,West,,,3.7
20170113-05:00,Smoke,7,0,0,,67,,1019,0,0,13,0,0,1,290,WNW,,,9.3
20170113-05:30,Smoke,7,0,0,,63,,1019,0,0,14,0,0,1,280,West,,,13
20170113-06:00,Smoke,7,0,0,,48,,1019,0,0,16,0,0,1,320,NW,,,9.3
20170113-06:30,Smoke,7,0,0,,55,,1019,0,0,16,0,0,1.5,340,NNW,,,7.4
20170113-07:30,Smoke,7,0,0,,49,,1018,0,0,18,0,0,1.8,290,WNW,,,14.8
20170113-09:00,Haze,7,0,0,,34,,1016,0,0,19,0,0,2,290,WNW,,,14.8
20170113-10:00,Haze,7,0,0,,46,,1016,0,0,19,0,0,3,320,NW,,,9.3
20170113-10:30,Haze,7,0,0,,46,,1016,0,0,19,0,0,3,320,NW,,,9.3
20170113-11:30,Haze,8,0,0,,52,,1016,0,0,18,0,0,3,320,NW,,,7.4
20170113-12:00,Haze,9,0,0,,45,,1016,0,0,18,0,0,2,320,NW,,,3.7
20170113-12:30,Haze,9,0,0,,63,,1016,0,0,16,0,0,3,290,WNW,,,3.7
20170113-15:00,Mist,8,0,0,,91,,1018,0,0,10,0,0,2,,,,,0
20170113-18:00,Mist,6,0,0,,94,,1019,0,0,6,0,0,1,,,,,0
20170113-21:00,Mist,5,0,0,,100,,1018,0,0,5,0,0,0.5,,,,,0
20170114-00:00,Patches of Fog,5,1,0,,98,,1017,0,0,5,0,0,0.5,,,,,0
20170114-02:00,Smoke,4,0,0,,100,,1018,0,0,4,0,0,0.5,0,North,,,0
20170114-02:30,Fog,4,1,0,,100,,1018,0,0,4,0,0,0.5,0,North,,,0
20170114-03:00,Partial Fog,5,1,0,,96,,1020,0,0,6,0,0,0.2,,,,,0
20170114-03:30,Fog,5,1,0,,93,,1019,0,0,6,0,0,0.4,0,North,,,0
20170114-04:00,Fog,7,1,0,,100,,1019,0,0,7,0,0,0.4,0,North,,,0
20170114-04:30,Fog,9,1,0,,88,,1020,0,0,11,0,0,0.5,230,SW,,,3.7
20170114-05:00,Fog,9,1,0,,77,,1020,0,0,13,0,0,0.7,250,WSW,,,7.4
20170114-05:30,Fog,10,1,0,,77,,1020,0,0,14,0,0,0.8,300,WNW,,,5.6
20170114-06:00,Smoke,9,0,0,,60,,1020,0,0,15,0,0,0.5,270,West,,,9.3
20170114-06:30,Smoke,9,0,0,,63,,1020,0,0,16,0,0,1,270,West,,,9.3
20170114-07:00,Smoke,9,0,0,,56,,1019,0,0,18,0,0,1.2,270,West,,,5.6
20170114-07:30,Smoke,9,0,0,,56,,1019,0,0,18,0,0,1.5,320,NW,,,7.4
20170114-08:00,Smoke,9,0,0,,56,,1018,0,0,18,0,0,1.5,320,NW,,,9.3
20170114-08:30,Haze,9,0,0,,52,,1018,0,0,19,0,0,2,320,NW,,,9.3
20170114-09:00,Smoke,9,0,0,,41,,1018,0,0,19,0,0,2,290,WNW,,,11.1
20170114-09:30,Smoke,9,0,0,,56,,1018,0,0,18,0,0,2,290,WNW,,,5.6
20170114-10:00,Smoke,10,0,0,,59,,1018,0,0,18,0,0,2,300,WNW,,,9.3
20170114-11:30,Smoke,11,0,0,,68,,1018,0,0,17,0,0,2,280,West,,,7.4
20170114-12:00,Smoke,10,0,0,,59,,1019,0,0,16,0,0,2,290,WNW,,,3.7
20170114-12:30,Smoke,10,0,0,,72,,1018,0,0,15,0,0,2,310,NW,,,9.3
20170114-13:00,Smoke,10,0,0,,72,,1018,0,0,15,0,0,1.8,0,North,,,0
20170114-15:00,Mist,11,0,0,,83,,1020,0,0,13,0,0,1,320,NW,,,7.4
20170114-18:00,Mist,11,0,0,,86,,1020,0,0,13,0,0,1,320,NW,,,5.6
20170114-21:00,Mist,11,0,0,,89,,1019,0,0,12,0,0,1,320,NW,,,5.6
20170115-00:00,Mist,10,0,0,,89,,1018,0,0,12,0,0,1,270,West,,,3.7
20170115-02:00,Fog,9,1,0,,100,,1018,0,0,9,0,0,0.6,200,SSW,,,5.6
20170115-02:30,Fog,9,1,0,,100,,1018,0,0,9,0,0,0.5,340,NNW,,,3.7
20170115-03:00,Patches of Fog,9,1,0,,93,,1020,0,0,10,0,0,1,320,NW,,,3.7
20170115-03:30,Fog,9,1,0,,94,,1020,0,0,10,0,0,0.7,260,West,,,3.7
20170115-04:00,Fog,10,1,0,,88,,1020,0,0,12,0,0,0.7,320,NW,,,3.7
20170115-04:30,Fog,10,1,0,,82,,1020,0,0,13,0,0,0.9,240,WSW,,,3.7
20170115-05:00,Smoke,10,0,0,,68,,1020,0,0,16,0,0,1.2,280,West,,,3.7
20170115-05:30,Smoke,9,0,0,,59,,1020,0,0,17,0,0,1.5,270,West,,,7.4
20170115-06:00,Smoke,10,0,0,,47,,1020,0,0,19,0,0,1,180,South,,,3.7
20170115-06:30,Smoke,10,0,0,,56,,1019,0,0,19,0,0,2,230,SW,,,3.7
20170115-07:00,Smoke,11,0,0,,60,,1019,0,0,19,0,0,2,0,North,,,0
20170115-07:30,Smoke,11,0,0,,50,,1018,0,0,22,0,0,2,0,North,,,0
20170115-08:00,Smoke,11,0,0,,47,,1018,0,0,23,0,0,2,160,SSE,,,5.6
20170115-09:00,Smoke,14,0,0,,46,,1017,0,0,23,0,0,1,110,ESE,,,5.6
20170115-09:30,Smoke,14,0,0,,57,,1017,0,0,23,0,0,2,70,ENE,,,3.7
20170115-10:00,Smoke,15,0,0,,61,,1017,0,0,23,0,0,2,120,ESE,,,3.7
20170115-11:00,Smoke,14,0,0,,57,,1016,0,0,23,0,0,1.8,90,East,,,5.6
20170115-12:00,Smoke,14,0,0,,56,,1016,0,0,20,0,0,1,140,SE,,,5.6
20170115-13:00,Partly Cloudy,15,0,0,,88,,1016,0,0,17,0,0,1,120,ESE,,,3.7
20170115-15:00,Mist,12,0,0,,83,,1017,0,0,14,0,0,1,,,,,0
20170115-18:00,Mist,12,0,0,,93,,1017,0,0,13,0,0,1,,,,,0
20170115-21:00,Mist,12,0,0,,95,,1016,0,0,12,0,0,1,140,SE,,,3.7
20170116-00:00,Mist,9,0,0,,85,,1016,0,0,10,0,0,1,,,,,0
20170116-02:00,Fog,9,1,0,,94,,1016,0,0,10,0,0,0.8,0,North,,,0
20170116-03:00,Patches of Fog,9,1,0,,88,,1018,0,0,10,0,0,0.5,,,,,0
20170116-04:00,Scattered Clouds,9,0,0,,77,,1018,0,0,13,0,0,1.2,250,WSW,,,11.1
20170116-04:30,Scattered Clouds,9,0,0,,77,,1018,0,0,13,0,0,1.2,270,West,,,11.1
20170116-05:30,Smoke,10,0,0,,68,,1018,0,0,16,0,0,1,320,NW,,,13
20170116-06:00,Smoke,11,0,0,,61,,1018,0,0,17,0,0,1,290,WNW,,,9.3
20170116-06:30,Smoke,11,0,0,,68,,1018,0,0,17,0,0,1,270,West,,,14.8
20170116-07:00,Smoke,12,0,0,,72,,1017,0,0,17,0,0,1.2,300,WNW,,,14.8
20170116-07:30,Smoke,12,0,0,,68,,1017,0,0,18,0,0,1.5,290,WNW,,,7.4
20170116-08:00,Smoke,13,0,0,,68,,1016,0,0,19,0,0,1.5,320,NW,,,14.8
20170116-09:00,Mist,14,0,0,,67,,1016,0,0,19,0,0,1,320,NW,,,20.4
20170116-10:00,Scattered Clouds,14,0,0,,73,,1016,0,0,19,0,0,1.2,300,WNW,,,11.1
20170116-10:30,Scattered Clouds,14,0,0,,77,,1016,0,0,18,0,0,1.2,280,West,,,18.5
20170116-11:00,Scattered Clouds,14,0,0,,77,,1016,0,0,18,0,0,1.2,330,NNW,,,13
20170116-12:00,Mist,14,0,0,,84,,1017,0,0,15,0,0,1,320,NW,,,9.3
20170116-13:00,Mist,13,0,0,,94,,1017,0,0,14,0,0,1,290,WNW,,,7.4
20170116-15:00,Mist,11,0,0,,91,,1018,0,0,11,0,0,1,320,NW,,,9.3
20170116-18:00,Mist,9,0,0,,89,,1019,0,0,10,0,0,1,320,NW,,,13
20170116-21:00,Mist,7,0,0,,91,,1018,0,0,9,0,0,1,290,WNW,,,9.3
20170117-00:00,Mist,7,0,0,,98,,1018,0,0,7,0,0,1,270,West,,,5.6
20170117-02:30,Fog,7,1,0,,100,,1018,0,0,7,0,0,0.4,260,West,,6.2,5.6
20170117-03:00,Partial Fog,8,1,0,,95,,1019,0,0,8,0,0,0.5,270,West,,,13
20170117-05:00,Fog,8,1,0,,87,,1020,0,0,10,0,0,0.6,270,West,,,11.1
20170117-06:00,Mist,8,0,0,,70,,1020,0,0,12,0,0,1,270,West,,,11.1
20170117-06:30,Mist,9,0,0,,77,,1019,0,0,13,0,0,1.2,270,West,,,11.1
20170117-07:30,Partly Cloudy,9,0,0,,77,,1018,0,0,13,0,0,1.2,290,WNW,,,11.1
20170117-08:30,Smoke,11,0,0,,77,,1017,0,0,15,0,0,1.4,310,NW,,,13
20170117-09:00,Smoke,10,0,0,,67,,1017,0,0,15,0,0,1,320,NW,,,11.1
20170117-09:30,Smoke,11,0,0,,77,,1017,0,0,15,0,0,1.5,320,NW,,,11.1
20170117-10:00,Partly Cloudy,11,0,0,,77,,1017,0,0,15,0,0,1.5,270,West,,,9.3
20170117-10:30,Partly Cloudy,11,0,0,,77,,1017,0,0,15,0,0,1.5,270,West,,,9.3
20170117-11:00,Partly Cloudy,11,0,0,,77,,1017,0,0,15,0,0,1.5,270,West,,,9.3
20170117-12:00,Mist,11,0,0,,77,,1018,0,0,14,0,0,1,270,West,,,9.3
20170117-12:30,Partly Cloudy,11,0,0,,88,,1017,0,0,13,0,0,1.5,270,West,,,3.7
20170117-15:00,Mist,10,0,0,,100,,1020,0,0,10,0,0,1,,,,,0
20170117-18:00,Mist,8,0,0,,100,,1021,0,0,8,0,0,1,,,,,0
20170117-21:00,Mist,6,0,0,,99,,1021,0,0,6,0,0,1,,,,,0
20170118-00:00,Mist,5,0,0,,100,,1020,0,0,5,0,0,1,,,,,0
20170118-02:00,Fog,5,1,0,,100,,1021,0,0,5,0,0,0.5,0,North,,,0
20170118-02:30,Fog,5,1,0,,100,,1021,0,0,5,0,0,0.6,0,North,,,0
20170118-03:00,Patches of Fog,5,1,0,,99,,1023,0,0,5,0,0,0.5,,,,,0
20170118-04:00,Fog,7,1,0,,93,,1023,0,0,8,0,0,0.6,270,West,,7.3,5.6
20170118-04:30,Fog,7,1,0,,82,,1024,0,0,10,0,0,0.7,280,West,,,9.3
20170118-05:00,Fog,9,1,0,,77,,1024,0,0,13,0,0,0.8,290,WNW,,,7.4
20170118-05:30,Fog,9,1,0,,77,,1024,0,0,13,0,0,0.8,320,NW,,,9.3
20170118-06:00,Smoke,9,0,0,,62,,1024,0,0,15,0,0,1,320,NW,,,9.3
20170118-06:30,Smoke,10,0,0,,72,,1023,0,0,15,0,0,1.2,320,NW,,,11.1
20170118-07:00,Smoke,10,0,0,,72,,1022,0,0,15,0,0,1.2,320,NW,,,5.6
20170118-07:30,Smoke,10,0,0,,68,,1022,0,0,16,0,0,1.4,320,NW,,,9.3
20170118-08:00,Smoke,10,0,0,,68,,1021,0,0,16,0,0,1.5,340,NNW,,,11.1
20170118-08:30,Smoke,11,0,0,,64,,1021,0,0,18,0,0,1.8,340,NNW,,,13
20170118-09:00,Smoke,12,0,0,,53,,1021,0,0,19,0,0,1,340,NNW,,,11.1
20170118-10:00,Smoke,12,0,0,,64,,1021,0,0,19,0,0,2,330,NNW,,,11.1
20170118-11:00,Smoke,11,0,0,,64,,1021,0,0,18,0,0,2,350,North,,,9.3
20170118-11:30,Smoke,11,0,0,,64,,1021,0,0,18,0,0,2,350,North,,,7.4
20170118-12:00,Smoke,12,0,0,,63,,1020,0,0,17,0,0,2,320,NW,,,3.7
20170118-12:30,Smoke,11,0,0,,72,,1021,0,0,16,0,0,2,330,NNW,,,3.7
20170118-13:00,Partly Cloudy,12,0,0,,82,,1021,0,0,15,0,0,1.5,0,North,,,0
20170118-15:00,Mist,11,0,0,,91,,1022,0,0,12,0,0,1,320,NW,,,3.7
20170118-18:00,Mist,10,0,0,,95,,1023,0,0,10,0,0,1,,,,,0
20170118-21:00,Light Fog,9,1,0,,98,,1023,0,0,10,0,0,0.5,270,West,,,3.7
20170119-00:00,Partial Fog,8,1,0,,100,,1022,0,0,8,0,0,0.5,270,West,,,9.3
20170119-02:00,Fog,7,1,0,,100,,1023,0,0,7,0,0,0.6,270,West,,6.2,5.6
20170119-03:00,Patches of Fog,7,1,0,,100,,1024,0,0,7,0,0,0.5,270,West,,,5.6
20170119-03:30,Fog,8,1,0,,100,,1024,0,0,8,0,0,0.8,270,West,,6.1,11.1
20170119-04:00,Mist,8,0,0,,87,,1025,0,0,10,0,0,1.2,270,West,,,14.8
20170119-05:00,Smoke,7,0,0,,67,,1025,0,0,13,0,0,1.5,280,West,,,13
20170119-05:30,Smoke,7,0,0,,63,,1025,0,0,14,0,0,1.5,280,West,,,13
20170119-06:00,Smoke,8,0,0,,51,,1025,0,0,15,0,0,1,320,NW,,,13
20170119-06:30,Smoke,8,0,0,,55,,1024,0,0,17,0,0,1.8,310,NW,,,11.1
20170119-07:30,Smoke,11,0,0,,60,,1023,0,0,19,0,0,2,310,NW,,,13
20170119-08:00,Haze,11,0,0,,56,,1023,0,0,20,0,0,3,350,North,,,13
20170119-09:00,Haze,12,0,0,,44,,1021,0,0,21,0,0,2,320,NW,,,11.1
20170119-09:30,Haze,13,0,0,,60,,1021,0,0,21,0,0,2.5,310,NW,,,11.1
20170119-10:00,Haze,13,0,0,,60,,1021,0,0,21,0,0,2.5,320,NW,,,14.8
20170119-10:30,Haze,13,0,0,,60,,1021,0,0,21,0,0,2.5,310,NW,,,16.7
20170119-12:00,Haze,13,0,0,,65,,1021,0,0,18,0,0,2,290,WNW,,,9.3
20170119-12:30,Partly Cloudy,13,0,0,,77,,1021,0,0,17,0,0,2.5,270,West,,,7.4
20170119-13:00,Mist,13,0,0,,88,,1021,0,0,15,0,0,2.5,300,WNW,,,7.4
20170119-15:00,Patches of Fog,12,1,0,,93,,1023,0,0,14,0,0,2,290,WNW,,,5.6
20170119-18:00,Patches of Fog,11,1,0,,94,,1023,0,0,11,0,0,1,270,West,,,5.6
20170119-21:00,Light Fog,10,1,0,,98,,1023,0,0,10,0,0,0.5,270,West,,,5.6
20170120-00:00,Light Fog,8,1,0,,100,,1023,0,0,8,0,0,0.5,270,West,,,9.3
20170120-03:00,Patches of Fog,7,1,0,,100,,1024,0,0,7,0,0,0.5,270,West,,,5.6
20170120-03:30,Fog,8,1,0,,100,,1023,0,0,8,0,0,0.6,270,West,,6.8,7.4
20170120-04:30,Partly Cloudy,9,0,0,,77,,1024,0,0,13,0,0,1,290,WNW,,,7.4
20170120-05:00,Smoke,9,0,0,,72,,1024,0,0,14,0,0,1.5,280,West,,,13
20170120-05:30,Smoke,8,0,0,,63,,1024,0,0,15,0,0,1.5,320,NW,,,9.3
20170120-06:00,Smoke,7,0,0,,41,,1023,0,0,17,0,0,2,320,NW,,,14.8
20170120-06:30,Smoke,8,0,0,,52,,1023,0,0,18,0,0,2,280,West,,,14.8
20170120-07:00,Haze,9,0,0,,52,,1022,0,0,19,0,0,2,310,NW,,,16.7
20170120-07:30,Haze,9,0,0,,52,,1021,0,0,19,0,0,3,320,NW,,,16.7
20170120-08:30,Haze,8,0,0,,43,,1021,0,0,21,0,0,3,290,WNW,,,13
20170120-09:00,Haze,9,0,0,,38,,1020,0,0,20,0,0,2,290,WNW,,,13
20170120-09:30,Haze,9,0,0,,49,,1020,0,0,20,0,0,3,290,WNW,,,18.5
20170120-10:00,Haze,9,0,0,,52,,1020,0,0,19,0,0,3,290,WNW,,,18.5
20170120-10:30,Haze,9,0,0,,52,,1020,0,0,19,0,0,3,310,NW,,,9.3
20170120-12:00,Haze,11,0,0,,54,,1020,0,0,18,0,0,2,320,NW,,,9.3
20170120-13:00,Scattered Clouds,11,0,0,,77,,1020,0,0,15,0,0,2,320,NW,,,7.4
20170120-15:00,Mist,10,0,0,,89,,1021,0,0,11,0,0,1,270,West,,,3.7
20170120-18:00,Mist,9,0,0,,100,,1021,0,0,9,0,0,1,290,WNW,,,5.6
20170121-00:00,Mist,8,0,0,,94,,1021,0,0,9,0,0,1,270,West,,,5.6
20170121-02:30,Fog,7,1,0,,93,,1020,0,0,8,0,0,0.4,260,West,,,3.7
20170121-03:00,Patches of Fog,8,1,0,,100,,1021,0,0,8,0,0,0.5,270,West,,,3.7
20170121-03:30,Fog,8,1,0,,93,,1021,0,0,9,0,0,0.4,250,WSW,,,7.4
20170121-04:30,Fog,9,1,0,,77,,1022,0,0,13,0,0,0.5,230,SW,,,9.3
20170121-05:30,Smoke,11,0,0,,77,,1022,0,0,15,0,0,0.6,260,West,,,3.7
20170121-06:00,Smoke,11,0,0,,66,,1023,0,0,16,0,0,0.5,230,SW,,,172.2
20170121-06:30,Smoke,11,0,0,,72,,1021,0,0,16,0,0,0.8,250,WSW,,,3.7
20170121-07:00,Smoke,11,0,0,,60,,1021,0,0,19,0,0,0.8,270,West,,,9.3
20170121-07:30,Smoke,9,0,0,,52,,1021,0,0,19,0,0,1,270,West,,,11.1
20170121-08:00,Smoke,10,0,0,,56,,1020,0,0,19,0,0,1,290,WNW,,,11.1
20170121-08:30,Smoke,7,0,0,,46,,1020,0,0,19,0,0,1.4,270,West,,,14.8
20170121-09:00,Smoke,8,0,0,,38,,1019,0,0,19,0,0,1,270,West,,,14.8
20170121-09:30,Smoke,9,0,0,,49,,1019,0,0,20,0,0,1.8,270,West,,,9.3
20170121-10:30,Smoke,10,0,0,,56,,1019,0,0,19,0,0,1.5,280,West,,,9.3
20170121-11:00,Smoke,10,0,0,,56,,1019,0,0,19,0,0,1.5,280,West,,,5.6
20170121-11:30,Smoke,11,0,0,,64,,1019,0,0,18,0,0,1.5,280,West,,,5.6
20170121-12:00,Smoke,11,0,0,,55,,1020,0,0,18,0,0,1,270,West,,,7.4
20170121-12:30,Smoke,12,0,0,,72,,1019,0,0,17,0,0,1.2,270,West,,,3.7
20170121-13:00,Mostly Cloudy,12,0,0,,77,,1019,0,0,16,0,0,1.2,0,North,,,0
20170121-15:00,Mist,12,0,0,,83,,1021,0,0,15,0,0,1,,,,,0
20170121-18:00,Mist,13,0,0,,95,,1022,0,0,13,0,0,1,270,West,,,3.7
20170121-21:00,Mist,10,0,0,,99,,1022,0,0,10,0,0,1,,,,,0
20170122-00:00,Mist,10,0,0,,98,,1022,0,0,10,0,0,1,,,,,0
20170122-02:30,Fog,10,1,0,,100,,1023,0,0,10,0,0,0.7,280,West,,,5.6
20170122-03:00,Patches of Fog,10,1,0,,89,,1024,0,0,11,0,0,0.5,270,West,,,3.7
20170122-03:30,Fog,11,1,0,,94,,1023,0,0,12,0,0,0.7,270,West,,,9.3
20170122-04:00,Fog,11,1,0,,88,,1024,0,0,13,0,0,0.8,280,West,,,11.1
20170122-04:30,Fog,11,1,0,,82,,1024,0,0,14,0,0,0.8,290,WNW,,,3.7
20170122-05:00,Smoke,12,0,0,,72,,1024,0,0,17,0,0,1,270,West,,,11.1
20170122-06:00,Smoke,14,0,0,,60,,1023,0,0,21,0,0,1,230,SW,,,7.4
20170122-06:30,Smoke,15,0,0,,68,,1022,0,0,21,0,0,1.2,0,North,,,0
20170122-07:00,Smoke,15,0,0,,64,,1021,0,0,22,0,0,1.5,0,North,,,0
20170122-07:30,Smoke,15,0,0,,61,,1021,0,0,23,0,0,2,360,North,,,5.6
20170122-08:00,Haze,15,0,0,,61,,1021,0,0,23,0,0,2.5,350,North,,,9.3
20170122-08:30,Haze,15,0,0,,57,,1020,0,0,24,0,0,2.5,340,NNW,,,9.3
20170122-09:00,Haze,15,0,0,,52,,1019,0,0,23,0,0,2,20,NNE,,,9.3
20170122-09:30,Haze,16,0,0,,61,,1020,0,0,24,0,0,2,20,NNE,,,7.4
20170122-10:00,Haze,17,0,0,,69,,1019,0,0,23,0,0,2,350,North,,,9.3
20170122-10:30,Haze,17,0,0,,69,,1019,0,0,23,0,0,2,350,North,,,9.3
20170122-11:00,Haze,16,0,0,,65,,1019,0,0,23,0,0,2,350,North,,,9.3
20170122-11:30,Haze,16,0,0,,69,,1019,0,0,22,0,0,2,330,NNW,,,7.4
20170122-12:00,Haze,16,0,0,,65,,1019,0,0,21,0,0,2,320,NW,,,5.6
20170122-12:30,Mist,17,0,0,,83,,1019,0,0,20,0,0,1.8,300,WNW,,,3.7
20170122-13:00,Mist,17,0,0,,88,,1019,0,0,19,0,0,1.5,300,WNW,,,3.7
20170122-15:00,Mist,16,0,0,,95,,1020,0,0,16,0,0,1,,,,,0
20170122-18:00,Patches of Fog,14,1,0,,96,,1021,0,0,14,0,0,0.5,,,,,0
20170122-21:00,Partial Fog,12,1,0,,100,,1021,0,0,12,0,0,0.5,270,West,,,5.6
20170123-00:00,Partial Fog,12,1,0,,99,,1020,0,0,12,0,0,0.5,,,,,0
20170123-02:30,Fog,10,1,0,,100,,1021,0,0,10,0,0,0.4,260,West,,,3.7
20170123-03:00,Patches of Fog,11,1,0,,98,,1022,0,0,11,0,0,0.5,,,,,0
20170123-04:30,Mist,12,0,0,,82,,1022,0,0,15,0,0,1,280,West,,,9.3
20170123-05:00,Smoke,12,0,0,,68,,1022,0,0,18,0,0,1.5,270,West,,,11.1
20170123-06:00,Smoke,12,0,0,,49,,1021,0,0,20,0,0,1,270,West,,,7.4
20170123-07:00,Smoke,14,0,0,,60,,1021,0,0,22,0,0,2,300,WNW,,,11.1
20170123-07:30,Smoke,14,0,0,,60,,1020,0,0,22,0,0,2,260,West,,,11.1
20170123-08:30,Haze,14,0,0,,57,,1020,0,0,23,0,0,2.5,330,NNW,,,11.1
20170123-09:00,Haze,16,0,0,,52,,1019,0,0,24,0,0,2,270,West,,,14.8
20170123-09:30,Haze,16,0,0,,57,,1019,0,0,25,0,0,2,250,WSW,,,13
20170123-10:00,Haze,17,0,0,,65,,1019,0,0,24,0,0,2,330,NNW,,,11.1
20170123-12:00,Mist,17,0,0,,71,,1017,0,0,21,0,0,2,320,NW,,,3.7
20170123-12:30,Mist,17,0,0,,78,,1018,0,0,21,0,0,2.5,320,NW,,,3.7
20170123-15:00,Mist,14,0,0,,96,,1019,0,0,15,0,0,2,,,,,0
20170123-18:00,Mist,13,0,0,,100,,1019,0,0,13,0,0,1,,,,,0
20170123-21:00,Mist,12,0,0,,100,,1018,0,0,12,0,0,1,250,WSW,,,3.7
20170124-00:00,Mist,11,0,0,,98,,1017,0,0,11,0,0,1,,,,,0
20170124-01:00,Fog,12,1,0,,100,,1018,0,0,12,0,0,0.4,0,North,,,0
20170124-01:30,Fog,12,1,0,,100,,1018,0,0,12,0,0,0.1,0,North,,,0
20170124-02:00,Fog,11,1,0,,100,,1019,0,0,11,0,0,0,0,North,,,0
20170124-02:30,Fog,10,1,0,,100,,1019,0,0,10,0,0,0,0,North,,,0
20170124-03:00,Partial Fog,10,1,0,,92,,1020,0,0,11,0,0,0.2,,,,,0
20170124-03:30,Fog,12,1,0,,94,,1020,0,0,13,0,0,0.4,0,North,,,0
20170124-04:30,Smoke,12,0,0,,72,,1021,0,0,17,0,0,1,300,WNW,,,3.7
20170124-05:00,Smoke,13,0,0,,64,,1021,0,0,20,0,0,1.5,290,WNW,,,7.4
20170124-05:30,Smoke,12,0,0,,60,,1021,0,0,20,0,0,1.5,290,WNW,,,7.4
20170124-06:00,Smoke,11,0,0,,39,,1021,0,0,22,0,0,1,320,NW,,,3.7
20170124-07:00,Smoke,11,0,0,,47,,1020,0,0,23,0,0,1.5,290,WNW,,,5.6
20170124-07:30,Smoke,11,0,0,,44,,1019,0,0,24,0,0,1.5,310,NW,,,9.3
20170124-08:00,Smoke,12,0,0,,44,,1019,0,0,25,0,0,1.8,320,NW,,,5.6
20170124-08:30,Smoke,13,0,0,,47,,1018,0,0,25,0,0,2,30,NNE,,,7.4
20170124-09:00,Smoke,12,0,0,,33,,1018,0,0,25,0,0,2,20,NNE,,,9.3
20170124-10:00,Smoke,12,0,0,,44,,1018,0,0,25,0,0,2,20,NNE,,,9.3
20170124-10:30,Smoke,12,0,0,,44,,1018,0,0,25,0,0,2,50,NE,,,5.6
20170124-12:00,Smoke,14,0,0,,48,,1017,0,0,24,0,0,2,50,NE,,,3.7
20170124-13:00,Smoke,14,0,0,,68,,1017,0,0,20,0,0,1.5,0,North,,,0
20170124-15:00,Mist,14,0,0,,70,,1018,0,0,18,0,0,1,,,,,0
20170124-18:00,Mist,13,0,0,,79,,1019,0,0,15,0,0,1,,,,,0
20170124-21:00,Mist,12,0,0,,80,,1018,0,0,14,0,0,1,,,,,0
20170125-00:00,Patches of Fog,12,1,0,,91,,1018,0,0,13,0,0,0.5,,,,,0
20170125-02:00,Fog,13,1,0,,100,,1019,0,0,13,0,0,0.5,0,North,,,0
20170125-03:00,Patches of Fog,13,1,0,,96,,1020,0,0,14,0,0,0.5,140,SE,,,5.6
20170125-03:30,Fog,13,1,0,,88,,1020,0,0,15,0,0,0.8,140,SE,,,7.4
20170125-04:30,Fog,14,1,0,,77,,1021,0,0,18,0,0,0.8,120,ESE,,,5.6
20170125-05:00,Smoke,15,0,0,,73,,1021,0,0,20,0,0,0.8,120,ESE,,,11.1
20170125-05:30,Smoke,15,0,0,,68,,1020,0,0,21,0,0,0.8,120,ESE,,,9.3
20170125-06:00,Smoke,14,0,0,,55,,1020,0,0,22,0,0,1,160,SSE,,,9.3
20170125-06:30,Smoke,15,0,0,,64,,1020,0,0,22,0,0,1.2,100,East,,,11.1
20170125-07:00,Smoke,15,0,0,,61,,1019,0,0,23,0,0,1.2,110,ESE,,,5.6
20170125-07:30,Smoke,16,0,0,,61,,1019,0,0,24,0,0,1.4,80,East,,,11.1
20170125-08:00,Smoke,16,0,0,,57,,1018,0,0,25,0,0,1.4,110,ESE,,,16.7
20170125-08:30,Smoke,16,0,0,,57,,1018,0,0,25,0,0,1.5,100,East,,,9.3
20170125-09:00,Smoke,15,0,0,,44,,1017,0,0,25,0,0,1,90,East,,,5.6
20170125-09:30,Smoke,16,0,0,,57,,1017,0,0,25,0,0,1.5,90,East,,,14.8
20170125-10:00,Smoke,16,0,0,,61,,1017,0,0,24,0,0,1.5,100,East,,,14.8
20170125-10:30,Smoke,17,0,0,,65,,1017,0,0,24,0,0,1.5,90,East,,,11.1
20170125-11:00,Smoke,17,0,0,,65,,1017,0,0,24,0,0,1.5,90,East,,,9.3
20170125-11:30,Smoke,17,0,0,,69,,1017,0,0,23,0,0,1.5,90,East,,,5.6
20170125-12:00,Smoke,17,0,0,,63,,1016,0,0,23,0,0,1,90,East,,,7.4
20170125-12:30,Smoke,18,0,0,,78,,1017,0,0,22,0,0,1.2,90,East,,,7.4
20170125-13:00,Mostly Cloudy,18,0,0,,78,,1017,0,0,22,0,0,1.2,90,East,,,7.4
20170125-15:00,Mist,17,0,0,,75,,1017,0,0,20,0,0,1,90,East,,,5.6
20170125-18:00,Thunderstorms and Rain,14,0,0,,66,,1020,1,0,20,1,0,1,270,West,,,24.1
20170125-21:00,Mist,16,0,0,,80,,1018,0,0,18,0,0,2,20,NNE,,,3.7
20170126-00:00,Mist,16,0,0,,86,,1017,0,0,17,0,0,1,90,East,,,3.7
20170126-01:30,Mostly Cloudy,14,0,0,,88,,1017,0,0,16,0,0,1,70,ENE,,,7.4
20170126-02:00,Mostly Cloudy,14,0,0,,82,,1017,0,0,17,0,0,1,90,East,,,3.7
20170126-02:30,Mostly Cloudy,14,0,0,,82,,1016,0,0,17,0,0,1,100,East,,,11.1
20170126-03:00,Mist,14,0,0,,76,,1017,0,0,17,0,0,1,110,ESE,,,14.8
20170126-03:30,Mostly Cloudy,14,0,0,,82,,1017,0,0,17,0,0,1,110,ESE,,,9.3
20170126-04:00,Partly Cloudy,14,0,0,,77,,1018,0,0,18,0,0,1,130,SE,,,5.6
20170126-04:30,Thunderstorm,14,0,0,,77,,1018,0,0,18,1,0,1,140,SE,,,9.3
20170126-05:00,Light Thunderstorms and Rain,13,0,0,,77,,1020,1,0,17,1,0,1,270,West,33.3,,16.7
20170126-05:30,Light Thunderstorms and Rain,15,0,0,,83,,1020,1,0,18,1,0,1,250,WSW,,,14.8
20170126-06:00,Thunderstorms and Rain,14,0,0,,75,,1019,1,0,18,1,0,1,,,,,0
20170126-06:30,Light Thunderstorms and Rain,15,0,0,,88,,1019,1,0,17,1,0,1,270,West,,,9.3
20170126-07:00,Light Thunderstorms and Rain,15,0,0,,94,,1019,1,0,16,1,0,0.8,270,West,,,22.2
20170126-07:30,Thunderstorms and Rain,16,0,0,,100,,1019,1,0,16,1,0,0.6,300,WNW,,,14.8
20170126-08:00,Light Thunderstorms and Rain,16,0,0,,100,,1019,1,0,16,1,0,0.6,300,WNW,,,14.8
20170126-08:30,Light Thunderstorms and Rain,15,0,0,,100,,1018,1,0,15,1,0,0.6,320,NW,,,18.5
20170126-09:00,Thunderstorms and Rain,16,0,0,,100,,1017,1,0,16,1,0,0.5,320,NW,,,7.4
20170126-09:30,Heavy Thunderstorms and Rain,16,0,0,,100,,1018,1,0,16,1,0,0.6,150,SSE,,,3.7
20170126-10:00,Thunderstorms and Rain,15,0,0,,100,,1018,1,0,15,1,0,0.5,0,North,,,0
20170126-10:30,Thunderstorms and Rain,16,0,0,,100,,1018,1,0,16,1,0,0.5,70,ENE,,,3.7
20170126-11:00,Thunderstorms and Rain,16,0,0,,100,,1017,1,0,16,1,0,0.5,50,NE,,,9.3
20170126-11:30,Thunderstorms and Rain,15,0,0,,100,,1017,1,0,15,1,0,0.5,340,NNW,,,3.7
20170126-12:00,Thunderstorms and Rain,15,0,0,,99,,1018,1,0,15,1,0,0.5,90,East,,,7.4
20170126-12:30,Thunderstorms and Rain,15,0,0,,100,,1017,1,0,15,1,0,0.6,50,NE,,,7.4
20170126-13:00,Thunderstorms and Rain,15,0,0,,100,,1017,1,0,15,1,0,0.8,70,ENE,,,7.4
20170126-15:00,Mist,15,0,0,,100,,1018,0,0,15,0,0,1,,,,,0
20170126-18:00,Light Rain,15,0,0,,100,,1017,1,0,15,0,0,1,140,SE,,,7.4
20170126-21:00,Mist,14,0,0,,100,,1016,0,0,14,0,0,0.5,320,NW,,,3.7
20170127-00:00,Mist,14,0,0,,94,,1016,0,0,14,0,0,0.5,230,SW,,,11.1
20170127-02:00,Fog,14,1,0,,100,,1017,0,0,14,0,0,0.5,240,WSW,,,11.1
20170127-03:00,Light Rain,13,0,0,,93,,1018,1,0,14,0,0,1,270,West,,,9.3
20170127-03:30,Partly Cloudy,13,0,0,,94,,1018,0,0,14,0,0,1,260,West,,,13
20170127-04:00,Mostly Cloudy,13,0,0,,88,,1019,0,0,15,0,0,1.2,260,West,,,13
20170127-04:30,Mostly Cloudy,13,0,0,,82,,1019,0,0,16,0,0,1.5,260,West,,,13
20170127-05:30,Partly Cloudy,13,0,0,,82,,1020,0,0,16,0,0,1.5,310,NW,,,22.2
20170127-06:00,Mist,14,0,0,,72,,1020,0,0,17,0,0,1,290,WNW,,,18.5
20170127-07:00,Smoke,13,0,0,,73,,1019,0,0,18,0,0,2.5,320,NW,,,25.9
20170127-07:30,Smoke,13,0,0,,73,,1019,0,0,18,0,0,2.5,320,NW,,,25.9
20170127-08:00,Haze,13,0,0,,73,,1018,0,0,18,0,0,2.5,320,NW,,,14.8
20170127-08:30,Haze,13,0,0,,68,,1017,0,0,19,0,0,2.5,290,WNW,,,18.5
20170127-09:00,Haze,12,0,0,,54,,1017,0,0,19,0,0,2,270,West,,,16.7
20170127-09:30,Haze,11,0,0,,56,,1017,0,0,20,0,0,2.5,310,NW,,,11.1
20170127-10:00,Haze,12,0,0,,60,,1017,0,0,20,0,0,2.5,270,West,,,11.1
20170127-10:30,Haze,12,0,0,,64,,1017,0,0,19,0,0,2.5,270,West,,,16.7
20170127-11:00,Haze,12,0,0,,68,,1017,0,0,18,0,0,2.5,290,WNW,,,18.5
20170127-11:30,Haze,12,0,0,,68,,1017,0,0,18,0,0,3,280,West,,,14.8
20170127-12:00,Haze,12,0,0,,66,,1018,0,0,17,0,0,2,270,West,,,16.7
20170127-12:30,Mist,12,0,0,,77,,1018,0,0,16,0,0,3,290,WNW,,,7.4
20170127-13:00,Mist,13,0,0,,88,,1018,0,0,15,0,0,2.5,270,West,,,13
20170127-15:00,Mist,12,0,0,,82,,1019,0,0,14,0,0,2,270,West,,,7.4
20170127-18:00,Mist,12,0,0,,84,,1020,0,0,14,0,0,2,270,West,,,9.3
20170127-21:00,Mist,12,0,0,,90,,1020,0,0,13,0,0,1,290,WNW,,,5.6
20170128-00:00,Patches of Fog,11,1,0,,96,,1020,0,0,12,0,0,0.5,270,West,,,5.6
20170128-02:00,Fog,11,1,0,,100,,1020,0,0,11,0,0,0,260,West,,,7.4
20170128-02:30,Fog,12,1,0,,100,,1020,0,0,12,0,0,0,250,WSW,,,9.3
20170128-03:00,Patches of Fog,12,1,0,,99,,1021,0,0,12,0,0,0.5,250,WSW,,,7.4
20170128-03:30,Fog,12,1,0,,100,,1021,0,0,12,0,0,0.1,250,WSW,,,3.7
20170128-04:00,Fog,12,1,0,,100,,1021,0,0,12,0,0,0.1,280,West,,,3.7
20170128-04:30,Fog,12,1,0,,100,,1021,0,0,12,0,0,0.2,250,WSW,,,7.4
20170128-05:00,Fog,12,1,0,,100,,1022,0,0,12,0,0,0.2,290,WNW,,,7.4
20170128-06:00,Mist,12,0,0,,90,,1022,0,0,13,0,0,0.5,270,West,,,13
20170128-06:30,Fog,12,1,0,,77,,1021,0,0,16,0,0,0.8,270,West,,,5.6
20170128-07:30,Smoke,13,0,0,,68,,1020,0,0,19,0,0,1.2,320,NW,,,13
20170128-08:00,Smoke,13,0,0,,68,,1020,0,0,19,0,0,1.4,320,NW,,,16.7
20170128-08:30,Smoke,12,0,0,,64,,1019,0,0,19,0,0,1.4,330,NNW,,,11.1
20170128-09:00,Smoke,12,0,0,,56,,1019,0,0,19,0,0,1,320,NW,,,14.8
20170128-10:30,Haze,12,0,0,,64,,1018,0,0,19,0,0,2,270,West,,,14.8
20170128-11:30,Haze,11,0,0,,64,,1018,0,0,18,0,0,2,290,WNW,,,11.1
20170128-12:00,Haze,12,0,0,,58,,1018,0,0,18,0,0,2,290,WNW,,,9.3
20170128-12:30,Haze,12,0,0,,72,,1018,0,0,17,0,0,2,290,WNW,,,9.3
20170128-13:00,Scattered Clouds,12,0,0,,77,,1018,0,0,16,0,0,2,320,NW,,,7.4
20170128-15:00,Mist,13,0,0,,85,,1019,0,0,14,0,0,1,290,WNW,,,14.8
20170128-18:00,Mist,12,0,0,,92,,1019,0,0,13,0,0,1,290,WNW,,,5.6
20170128-21:00,Patches of Fog,11,1,0,,91,,1017,0,0,12,0,0,0.5,270,West,,,14.8
20170129-00:00,Mist,12,0,0,,94,,1017,0,0,13,0,0,1,270,West,,,16.7
20170129-02:00,Fog,12,1,0,,94,,1018,0,0,13,0,0,0.5,290,WNW,,,16.7
20170129-02:30,Fog,12,1,0,,94,,1018,0,0,13,0,0,0.5,280,West,,,11.1
20170129-03:00,Patches of Fog,12,1,0,,96,,1018,0,0,13,0,0,0.5,270,West,,,11.1
20170129-03:30,Fog,12,1,0,,94,,1018,0,0,13,0,0,0.5,270,West,,,11.1
20170129-04:00,Fog,12,1,0,,94,,1018,0,0,13,0,0,0.5,280,West,,,11.1
20170129-04:30,Fog,12,1,0,,88,,1019,0,0,14,0,0,0.7,280,West,,,9.3
20170129-05:00,Fog,12,1,0,,88,,1019,0,0,14,0,0,0.7,290,WNW,,,11.1
20170129-06:00,Smoke,12,0,0,,69,,1019,0,0,17,0,0,1,270,West,,,18.5
20170129-08:00,Smoke,13,0,0,,73,,1016,0,0,18,0,0,1.5,260,West,,,9.3
20170129-08:30,Smoke,12,0,0,,60,,1016,0,0,20,0,0,1.5,290,WNW,,,9.3
20170129-09:00,Haze,13,0,0,,60,,1016,0,0,21,0,0,2,270,West,,,14.8
20170129-09:30,Haze,13,0,0,,60,,1016,0,0,21,0,0,2,270,West,,,14.8
20170129-12:00,Haze,13,0,0,,55,,1016,0,0,20,0,0,2,250,WSW,,,11.1
20170129-12:30,Haze,13,0,0,,68,,1016,0,0,19,0,0,2,270,West,,,9.3
20170129-15:00,Mist,14,0,0,,90,,1018,0,0,15,0,0,2,,,,,0
20170129-18:00,Mist,13,0,0,,95,,1018,0,0,13,0,0,0.5,,,,,0
20170129-21:00,Patches of Fog,12,1,0,,100,,1017,0,0,12,0,0,0.5,,,,,0
20170130-00:00,Partial Fog,11,1,0,,100,,1017,0,0,11,0,0,0.2,,,,,0
20170130-03:00,Heavy Fog,12,1,0,,98,,1018,0,0,12,0,0,0.05,270,West,,,3.7
20170130-03:30,Fog,12,1,0,,100,,1018,0,0,12,0,0,0,270,West,,,3.7
20170130-04:00,Fog,13,1,0,,100,,1018,0,0,13,0,0,0,250,WSW,,,3.7
20170130-04:30,Fog,13,1,0,,100,,1018,0,0,13,0,0,0.1,250,WSW,,,3.7
20170130-05:00,Fog,13,1,0,,100,,1018,0,0,13,0,0,0.3,250,WSW,,,3.7
20170130-06:00,Mist,14,0,0,,79,,1018,0,0,16,0,0,1,230,SW,,,3.7
20170130-06:30,Mist,16,0,0,,83,,1017,0,0,19,0,0,2,230,SW,,,3.7
20170130-07:00,Haze,13,0,0,,64,,1016,0,0,20,0,0,2,210,SSW,,,5.6
20170130-08:30,Haze,11,0,0,,50,,1014,0,0,22,0,0,3,270,West,,,9.3
20170130-09:00,Haze,12,0,0,,41,,1014,0,0,22,0,0,2,270,West,,,14.8
20170130-10:30,Haze,12,0,0,,53,,1013,0,0,22,0,0,3,280,West,,,7.4
20170130-11:00,Haze,12,0,0,,53,,1013,0,0,22,0,0,3,280,West,,,7.4
20170130-12:00,Haze,10,0,0,,43,,1014,0,0,20,0,0,2,290,WNW,,,3.7
20170130-12:30,Haze,10,0,0,,56,,1014,0,0,19,0,0,3,300,WNW,,,3.7
20170130-15:00,Mist,13,0,0,,84,,1015,0,0,15,0,0,2,,,,,0
20170130-18:00,Mist,12,0,0,,96,,1015,0,0,13,0,0,1,,,,,0
20170130-21:00,Patches of Fog,11,1,0,,96,,1015,0,0,12,0,0,0.5,,,,,0
20170131-00:00,Partial Fog,11,1,0,,100,,1015,0,0,11,0,0,0.5,,,,,0
20170131-03:00,Patches of Fog,11,1,0,,94,,1016,0,0,11,0,0,0.5,,,,,0
20170131-06:00,Smoke,13,0,0,,52,,1016,0,0,21,0,0,1,290,WNW,,,11.1
20170131-09:00,Haze,12,0,0,,38,,1014,0,0,23,0,0,2,320,NW,,,11.1
20170131-12:00,Haze,13,0,0,,49,,1014,0,0,22,0,0,2,320,NW,,,11.1
20170131-15:00,Mist,14,0,0,,84,,1016,0,0,16,0,0,2,320,NW,,,3.7
20170131-18:00,Mist,13,0,0,,95,,1017,0,0,13,0,0,1,,,,,0
20170131-21:00,Patches of Fog,12,1,0,,96,,1016,0,0,12,0,0,0.5,,,,,0
20170201-00:00,Partial Fog,11,1,0,,100,,1016,0,0,11,0,0,0.2,,,,,0
20170201-03:00,Partial Fog,12,1,0,,100,,1018,0,0,12,0,0,0.2,250,WSW,,,9.3
20170201-06:00,Smoke,12,0,0,,60,,1018,0,0,19,0,0,1,270,West,,,14.8
20170201-09:00,Smoke,10,0,0,,36,,1016,0,0,21,0,0,2,340,NNW,,,11.1
20170201-12:00,Haze,12,0,0,,50,,1016,0,0,21,0,0,2,320,NW,,,5.6
20170201-15:00,Mist,13,0,0,,85,,1018,0,0,15,0,0,1,,,,,0
20170201-18:00,Mist,12,0,0,,98,,1019,0,0,12,0,0,1,,,,,0
20170201-21:00,Patches of Fog,11,1,0,,100,,1019,0,0,11,0,0,0.5,,,,,0
20170202-00:00,Light Fog,10,1,0,,98,,1019,0,0,10,0,0,0.2,,,,,0
20170202-03:00,Partial Fog,9,1,0,,95,,1021,0,0,10,0,0,0.2,,,,,0
20170202-06:00,Smoke,12,0,0,,44,,1020,0,0,21,0,0,2,290,WNW,,,3.7
20170202-09:30,Haze,10,0,0,,44,,1018,0,0,23,0,0,2.5,340,NNW,,,7.4
20170202-10:00,Haze,11,0,0,,47,,1018,0,0,23,0,0,2.5,270,West,,,7.4
20170202-10:30,Haze,11,0,0,,47,,1018,0,0,23,0,0,2.5,270,West,,,7.4
20170202-12:00,Haze,10,0,0,,39,,1018,0,0,21,0,0,2,320,NW,,,7.4
20170202-13:00,Haze,11,0,0,,60,,1018,0,0,19,0,0,3,0,North,,,0
20170202-15:00,Mist,12,0,0,,78,,1019,0,0,15,0,0,2,,,,,0
20170202-18:00,Mist,11,0,0,,89,,1020,0,0,12,0,0,2,,,,,0
20170202-21:00,Mist,11,0,0,,91,,1019,0,0,11,0,0,1,,,,,0
20170203-00:00,Mist,10,0,0,,95,,1018,0,0,10,0,0,1,,,,,0
20170203-02:30,Fog,10,1,0,,100,,1019,0,0,10,0,0,0.1,0,North,,,0
20170203-03:00,Partial Fog,11,1,0,,100,,1020,0,0,11,0,0,0.2,,,,,0
20170203-03:30,Fog,11,1,0,,100,,1019,0,0,11,0,0,0.3,0,North,,,0
20170203-04:30,Fog,13,1,0,,82,,1019,0,0,16,0,0,0.6,0,North,,,0
20170203-06:00,Haze,12,0,0,,43,,1018,0,0,21,0,0,2,230,SW,,,3.7
20170203-09:00,Haze,12,0,0,,35,,1016,0,0,25,0,0,2,270,West,,,9.3
20170203-12:00,Haze,12,0,0,,37,,1015,0,0,23,0,0,2,270,West,,,7.4
20170203-15:00,Mist,14,0,0,,79,,1018,0,0,17,0,0,2,,,,,0
20170203-18:00,Mist,14,0,0,,92,,1017,0,0,15,0,0,1,,,,,0
20170203-21:00,Light Fog,13,1,0,,97,,1016,0,0,13,0,0,0.5,,,,,0
20170204-00:00,Partial Fog,13,1,0,,98,,1015,0,0,13,0,0,0.5,,,,,0
20170204-03:00,Patches of Fog,14,1,0,,99,,1017,0,0,15,0,0,0.5,110,ESE,,,5.6
20170204-04:30,Fog,15,1,0,,83,,1017,0,0,18,0,0,0.8,130,SE,,,11.1
20170204-06:00,Smoke,15,0,0,,65,,1016,0,0,20,0,0,1,140,SE,,,11.1
20170204-09:00,Smoke,15,0,0,,54,,1013,0,0,23,0,0,1,90,East,,,14.8
20170204-09:30,Smoke,16,0,0,,65,,1013,0,0,23,0,0,1.5,90,East,,,11.1
20170204-12:00,Smoke,16,0,0,,65,,1013,0,0,21,0,0,1,110,ESE,,,9.3
20170204-15:00,Mist,16,0,0,,82,,1013,0,0,19,0,0,2,90,East,,,14.8
20170204-18:00,Mist,15,0,0,,82,,1014,0,0,18,0,0,2,110,ESE,,,11.1
20170204-21:00,Mist,14,0,0,,83,,1013,0,0,17,0,0,2,110,ESE,,,9.3
20170205-00:00,Mist,14,0,0,,87,,1013,0,0,16,0,0,1,90,East,,,3.7
20170205-01:30,Fog,14,1,0,,88,,1014,0,0,16,0,0,0.6,90,East,,,3.7
20170205-02:00,Fog,14,1,0,,88,,1014,0,0,16,0,0,0.4,110,ESE,,,3.7
20170205-03:00,Patches of Fog,14,1,0,,81,,1015,0,0,16,0,0,0.5,90,East,,,11.1
20170205-03:30,Fog,14,1,0,,82,,1015,0,0,17,0,0,0.8,110,ESE,,,9.3
20170205-04:00,Mostly Cloudy,15,0,0,,83,,1016,0,0,18,0,0,1,110,ESE,,,9.3
20170205-04:30,Mostly Cloudy,15,0,0,,78,,1016,0,0,19,0,0,1,110,ESE,,,9.3
20170205-05:00,Smoke,14,0,0,,73,,1016,0,0,19,0,0,1.2,90,East,,,9.3
20170205-05:30,Smoke,15,0,0,,73,,1016,0,0,20,0,0,1.5,100,East,,,9.3
20170205-06:00,Smoke,15,0,0,,64,,1015,0,0,20,0,0,1,110,ESE,,,9.3
20170205-06:30,Smoke,15,0,0,,73,,1016,0,0,20,0,0,1.5,140,SE,,,11.1
20170205-08:30,Smoke,15,0,0,,64,,1013,0,0,22,0,0,1.8,110,ESE,,,9.3
20170205-09:00,Smoke,15,0,0,,55,,1013,0,0,22,0,0,1,40,NE,,,40.7
20170205-10:00,Smoke,15,0,0,,61,,1012,0,0,23,0,0,2,100,East,,,3.7
20170205-12:00,,17,0,0,,63,,1013,0,0,22,0,0,1,50,NE,,,3.7
20170205-13:00,Mostly Cloudy,17,0,0,,83,,1012,0,0,20,0,0,1.4,60,ENE,,,3.7
20170205-15:00,Mist,16,0,0,,90,,1014,0,0,17,0,0,1,90,East,,,3.7
20170205-18:00,Partial Fog,15,1,0,,93,,1014,0,0,16,0,0,0.2,,,,,0
20170205-21:00,Partial Fog,14,1,0,,96,,1013,0,0,15,0,0,0.2,,,,,0
20170206-00:00,Heavy Fog,14,1,0,,98,,1014,0,0,14,0,0,0.05,,,,,0
20170206-03:00,Partial Fog,14,1,0,,98,,1016,0,0,14,0,0,0.05,270,West,,,7.4
20170206-06:00,,16,0,0,,74,,1017,0,0,20,0,0,0.2,270,West,,,18.5
20170206-09:00,Haze,12,0,0,,39,,1015,0,0,23,0,0,2,290,WNW,,,18.5
20170206-10:30,Haze,11,0,0,,50,,1015,0,0,22,0,0,3.5,270,West,,,14.8
20170206-12:00,Haze,11,0,0,,45,,1015,0,0,21,0,0,2,320,NW,,,11.1
20170206-15:00,Mist,11,0,0,,69,,1017,0,0,15,0,0,2,,,,,0
20170206-18:00,Mist,9,0,0,,78,,1018,0,0,12,0,0,2,,,,,0
20170206-21:00,Mist,8,0,0,,76,,1017,0,0,11,0,0,2,320,NW,,,11.1
20170207-00:00,Mist,8,0,0,,81,,1016,0,0,10,0,0,2,270,West,,,7.4
20170207-03:00,Mist,8,0,0,,75,,1018,0,0,10,0,0,2,270,West,,,7.4
20170207-06:00,Haze,8,0,0,,39,,1018,0,0,19,0,0,4,320,NW,,,14.8
20170207-09:00,Haze,9,0,0,,33,,1015,0,0,21,0,0,4,320,NW,,,18.5
20170207-12:00,Haze,10,0,0,,41,,1014,0,0,20,0,0,2,290,WNW,,,9.3
20170207-15:00,Mist,12,0,0,,67,,1016,0,0,16,0,0,2,,,,,0
20170207-18:00,Mist,12,0,0,,85,,1016,0,0,13,0,0,1,290,WNW,,,3.7
20170207-21:00,Mist,11,0,0,,89,,1016,0,0,12,0,0,0.5,,,,,0
20170208-00:00,Patches of Fog,9,1,0,,95,,1015,0,0,10,0,0,0.5,,,,,0
20170208-03:00,Patches of Fog,10,1,0,,92,,1017,0,0,10,0,0,0.5,,,,,0
20170208-04:00,Fog,11,1,0,,88,,1017,0,0,13,0,0,0.6,0,North,,,0
20170208-05:30,Smoke,10,0,0,,59,,1017,0,0,18,0,0,1.2,250,WSW,,,9.3
20170208-06:00,Smoke,10,0,0,,43,,1017,0,0,20,0,0,1,270,West,,,11.1
20170208-09:00,Haze,8,0,0,,26,,1014,0,0,24,0,0,2,270,West,,,11.1
20170208-12:00,Haze,8,0,0,,29,,1013,0,0,22,0,0,2,270,West,,,9.3
20170208-15:00,Haze,11,0,0,,68,,1015,0,0,15,0,0,2,,,,,0
20170208-18:00,Mist,11,0,0,,86,,1016,0,0,13,0,0,2,,,,,0
20170208-21:00,Mist,11,0,0,,98,,1015,0,0,12,0,0,2,,,,,0
20170209-00:00,Mist,10,0,0,,95,,1015,0,0,10,0,0,2,,,,,0
20170209-03:00,Mist,10,0,0,,95,,1017,0,0,11,0,0,1,,,,,0
20170209-06:00,Smoke,10,0,0,,41,,1018,0,0,20,0,0,1,270,West,,,13
20170209-09:00,Smoke,8,0,0,,30,,1016,0,0,22,0,0,1,270,West,,,24.1
20170209-12:00,Haze,10,0,0,,43,,1015,0,0,20,0,0,2,320,NW,,,14.8
20170209-15:00,Mist,12,0,0,,73,,1016,0,0,15,0,0,1,270,West,,,3.7
20170209-18:00,Mist,11,0,0,,86,,1017,0,0,13,0,0,1,270,West,,,3.7
20170209-21:00,Mist,10,0,0,,84,,1017,0,0,12,0,0,1,270,West,,,3.7
20170210-00:00,Mist,10,0,0,,92,,1016,0,0,11,0,0,1,270,West,,,5.6
20170210-03:00,Light Fog,10,1,0,,93,,1017,0,0,11,0,0,1,270,West,,,9.3
20170210-03:30,Fog,10,1,0,,94,,1017,0,0,11,0,0,0.6,280,West,,,9.3
20170210-06:00,Haze,10,0,0,,44,,1017,0,0,19,0,0,2,270,West,,,20.4
20170210-09:00,Haze,8,0,0,,29,,1014,0,0,22,0,0,2,290,WNW,,,22.2
20170210-12:00,Haze,10,0,0,,37,,1013,0,0,21,0,0,4,290,WNW,,,14.8
20170210-15:00,Mist,10,0,0,,70,,1015,0,0,14,0,0,2,,,,,0
20170210-18:00,Mist,10,0,0,,88,,1016,0,0,12,0,0,2,,,,,0
20170210-21:00,Mist,10,0,0,,99,,1016,0,0,11,0,0,2,,,,,0
20170211-00:00,Patches of Fog,9,1,0,,97,,1016,0,0,9,0,0,0.5,,,,,0
20170211-03:00,Patches of Fog,9,1,0,,81,,1017,0,0,11,0,0,0.5,270,West,,,5.6
20170211-06:00,Haze,8,0,0,,33,,1018,0,0,20,0,0,2,290,WNW,,,11.1
20170211-09:00,Haze,7,0,0,,24,,1015,0,0,23,0,0,2,320,NW,,,9.3
20170211-12:00,Haze,8,0,0,,28,,1014,0,0,23,0,0,2,340,NNW,,,5.6
20170211-15:00,Haze,10,0,0,,67,,1017,0,0,15,0,0,2,,,,,0
20170211-18:00,Mist,11,0,0,,83,,1018,0,0,13,0,0,1,,,,,0
20170211-21:00,Mist,11,0,0,,99,,1018,0,0,11,0,0,1,,,,,0
20170212-00:00,Patches of Fog,9,1,0,,100,,1019,0,0,9,0,0,1,,,,,0
20170212-03:00,Mist,10,0,0,,92,,1021,0,0,10,0,0,1,,,,,0
20170212-06:00,Haze,11,0,0,,40,,1021,0,0,21,0,0,2,,,,,3.7
20170212-09:00,Haze,12,0,0,,34,,1018,0,0,25,0,0,2,20,NNE,,,3.7
20170212-12:00,Haze,12,0,0,,41,,1018,0,0,22,0,0,2,0,North,,,5.6
20170212-15:00,Mist,13,0,0,,70,,1020,0,0,17,0,0,2,,,,,0
20170212-18:00,Mist,12,0,0,,93,,1020,0,0,14,0,0,2,,,,,0
20170212-21:00,Mist,11,0,0,,93,,1020,0,0,12,0,0,2,,,,,0
20170213-00:00,Mist,9,0,0,,95,,1021,0,0,10,0,0,1,,,,,0
20170213-03:00,Mist,9,0,0,,91,,1023,0,0,10,0,0,1,270,West,,,3.7
20170213-04:00,Haze,10,0,0,,68,,1023,0,0,16,0,0,1.5,290,WNW,,,3.7
20170213-06:00,Haze,10,0,0,,37,,1023,0,0,22,0,0,2,320,NW,,,9.3
20170213-09:00,Haze,11,0,0,,31,,1020,0,0,25,0,0,2,270,West,,,14.8
20170213-12:00,Haze,10,0,0,,35,,1020,0,0,23,0,0,2,290,WNW,,,7.4
20170213-15:00,Mist,12,0,0,,72,,1021,0,0,16,0,0,2,290,WNW,,,3.7
20170213-18:00,Mist,12,0,0,,92,,1022,0,0,13,0,0,2,270,West,,,7.4
20170213-21:00,Mist,10,0,0,,82,,1021,0,0,12,0,0,2,270,West,,,7.4
20170214-00:00,Mist,10,0,0,,86,,1021,0,0,12,0,0,2,270,West,,,9.3
20170214-03:00,Mist,10,0,0,,86,,1023,0,0,12,0,0,1,270,West,,,5.6
20170214-06:00,Smoke,9,0,0,,33,,1023,0,0,22,0,0,1,290,WNW,,,11.1
20170214-09:00,Haze,11,0,0,,31,,1020,0,0,24,0,0,2,290,WNW,,,16.7
20170214-12:00,Haze,10,0,0,,35,,1020,0,0,23,0,0,2,290,WNW,,,9.3
20170214-15:00,Mist,13,0,0,,71,,1021,0,0,16,0,0,2,,,,,0
20170214-18:00,Mist,12,0,0,,87,,1022,0,0,14,0,0,1,,,,,0
20170214-21:00,Mist,12,0,0,,95,,1021,0,0,12,0,0,1,270,West,,,3.7
20170215-00:00,Mist,11,0,0,,95,,1021,0,0,11,0,0,1,,,,,0
20170215-03:00,Mist,11,0,0,,84,,1022,0,0,13,0,0,1,250,WSW,,,3.7
20170215-06:00,Haze,11,0,0,,37,,1022,0,0,23,0,0,2,270,West,,,11.1
20170215-12:00,Haze,13,0,0,,36,,1018,0,0,25,0,0,2,290,WNW,,,11.1
20170215-15:00,Mist,14,0,0,,69,,1020,0,0,19,0,0,2,270,West,,,3.7
20170215-18:00,Mist,14,0,0,,79,,1021,0,0,16,0,0,1,,,,,0
20170215-21:00,Mist,13,0,0,,74,,1020,0,0,16,0,0,1,290,WNW,,,9.3
20170216-00:00,Mist,13,0,0,,85,,1019,0,0,14,0,0,1,290,WNW,,,5.6
20170216-03:00,Mist,13,0,0,,79,,1020,0,0,15,0,0,1,270,West,,,9.3
20170216-06:00,Haze,10,0,0,,32,,1019,0,0,24,0,0,2,290,WNW,,,11.1
20170216-09:00,Haze,10,0,0,,24,,1016,0,0,26,0,0,2,270,West,,,16.7
20170216-12:00,Haze,13,0,0,,37,,1015,0,0,25,0,0,2,290,WNW,,,14.8
20170216-15:00,Haze,15,0,0,,61,,1017,0,0,21,0,0,2,290,WNW,,,7.4
20170216-18:00,Mist,15,0,0,,68,,1018,0,0,19,0,0,2,290,WNW,,,9.3
20170216-21:00,Mist,14,0,0,,68,,1017,0,0,18,0,0,2,270,West,,,9.3
20170217-00:00,Mist,13,0,0,,74,,1016,0,0,16,0,0,2,250,WSW,,,9.3
20170217-03:00,Mist,13,0,0,,67,,1018,0,0,17,0,0,1,270,West,,,5.6
20170217-06:00,Smoke,13,0,0,,50,,1018,0,0,21,0,0,1,290,WNW,,,11.1
20170217-09:00,Smoke,16,0,0,,41,,1015,0,0,27,0,0,2,290,WNW,,,20.4
20170217-11:30,Smoke,17,0,0,,57,,1015,0,0,26,0,0,2.5,290,WNW,,,20.4
20170217-12:00,Smoke,17,0,0,,48,,1014,0,0,25,0,0,2,270,West,,,5.6
20170217-12:30,Smoke,17,0,0,,61,,1015,0,0,25,0,0,2.5,290,WNW,,,11.1
20170217-15:00,Mist,16,0,0,,70,,1017,0,0,21,0,0,2,290,WNW,,,3.7
20170217-18:00,Mist,16,0,0,,88,,1019,0,0,18,0,0,2,270,West,,,5.6
20170217-21:00,Mist,15,0,0,,88,,1018,0,0,17,0,0,1,,,,,0
20170218-00:00,Mist,15,0,0,,93,,1017,0,0,15,0,0,1,270,West,,,3.7
20170218-03:00,Patches of Fog,16,1,0,,100,,1018,0,0,16,0,0,1,270,West,,,9.3
20170218-06:00,Smoke,16,0,0,,49,,1018,0,0,24,0,0,1,320,NW,,,11.1
20170218-09:00,Haze,13,0,0,,25,,1015,0,0,30,0,0,2,290,WNW,,,11.1
20170218-12:00,Haze,16,0,0,,39,,1015,0,0,27,0,0,2,270,West,,,14.8
20170218-15:00,Mist,17,0,0,,74,,1016,0,0,21,0,0,2,,,,,0
20170218-18:00,Mist,18,0,0,,89,,1016,0,0,19,0,0,2,,,,,0
20170218-21:00,Mist,17,0,0,,97,,1015,0,0,17,0,0,2,,,,,0
20170219-00:00,Mist,17,0,0,,100,,1014,0,0,17,0,0,2,250,WSW,,,3.7
20170219-02:00,Partly Cloudy,15,0,0,,94,,1016,0,0,16,0,0,1,260,West,,,3.7
20170219-02:30,Partly Cloudy,15,0,0,,88,,1016,0,0,17,0,0,1.5,250,WSW,,,3.7
20170219-03:00,Mist,16,0,0,,82,,1016,0,0,18,0,0,2,250,WSW,,,7.4
20170219-06:00,Haze,12,0,0,,28,,1016,0,0,28,0,0,2,250,WSW,,,11.1
20170219-09:00,Haze,13,0,0,,24,,1012,0,0,30,0,0,2,290,WNW,,,14.8
20170219-09:30,Haze,13,0,0,30,33,,1013,0,0,31,0,0,5,280,West,,,14.8
20170219-12:00,Haze,16,0,0,,36,,1010,0,0,29,0,0,4,270,West,,,7.4
20170219-15:00,Mist,18,0,0,,71,,1011,0,0,21,0,0,2,,,,,0
20170219-18:00,Mist,18,0,0,,81,,1010,0,0,21,0,0,2,,,,,0
20170219-21:00,Mist,17,0,0,,90,,1009,0,0,18,0,0,2,,,,,0
20170220-00:00,Mist,17,0,0,,96,,1008,0,0,17,0,0,1,140,SE,,,3.7
20170220-03:00,Mist,17,0,0,,91,,1008,0,0,18,0,0,1,,,,,0
20170220-06:00,Smoke,15,0,0,,36,,1007,0,0,27,0,0,2,230,SW,,,11.1
20170220-09:00,Haze,14,0,0,,25,,1004,0,0,31,0,0,2,270,West,,,11.1
20170220-12:00,Haze,13,0,0,,27,,1003,0,0,29,0,0,2,250,WSW,,,7.4
20170220-15:00,Haze,17,0,0,,61,,1004,0,0,23,0,0,2,90,East,,,7.4
20170220-18:00,Mist,17,0,0,,70,,1005,0,0,22,0,0,2,270,West,,,7.4
20170220-21:00,Mist,17,0,0,,75,,1004,0,0,20,0,0,2,270,West,,,7.4
20170221-00:00,Mist,17,0,0,,90,,1005,0,0,18,0,0,1,270,West,,,3.7
20170221-03:00,Mist,15,0,0,,85,,1007,0,0,17,0,0,1,250,WSW,,,9.3
20170221-06:00,Haze,17,0,0,,60,,1008,0,0,23,0,0,2,270,West,,,14.8
20170221-09:00,Haze,17,0,0,,53,,1006,0,0,25,0,0,2,270,West,,,22.2
20170221-09:30,Haze,18,0,0,,65,,1007,0,0,25,0,0,2.5,270,West,,,24.1
20170221-10:00,Haze,17,0,0,,61,,1007,0,0,25,0,0,2.5,270,West,,,18.5
20170221-10:30,Haze,17,0,0,,61,,1006,0,0,25,0,0,3,270,West,,,18.5
20170221-11:30,Haze,16,0,0,,61,,1007,0,0,24,0,0,3,290,WNW,,,14.8
20170221-12:00,Haze,15,0,0,,48,,1006,0,0,24,0,0,2,270,West,,,14.8
20170221-13:00,Haze,16,0,0,,65,,1008,0,0,23,0,0,2.5,270,West,,,7.4
20170221-18:00,Mist,15,0,0,,90,,1012,0,0,17,0,0,2,,,,,0
20170221-21:00,Mist,15,0,0,,94,,1010,0,0,16,0,0,2,,,,,0
20170222-00:00,Mist,13,0,0,,95,,1010,0,0,13,0,0,1,,,,,0
20170222-03:00,Mist,14,0,0,,92,,1012,0,0,14,0,0,1,270,West,,,5.6
20170222-06:00,Haze,9,0,0,,25,,1013,0,0,26,0,0,2,250,WSW,,,11.1
20170222-09:00,Haze,9,0,0,,23,,1011,0,0,27,0,0,2,250,WSW,,,16.7
20170222-12:00,Haze,12,0,0,,38,,1010,0,0,24,0,0,2,290,WNW,,,14.8
20170222-15:00,Haze,12,0,0,,53,,1013,0,0,20,0,0,2,320,NW,,,3.7
20170222-18:00,Haze,10,0,0,,59,,1015,0,0,16,0,0,2,290,WNW,,,7.4
20170222-21:00,Mist,10,0,0,,72,,1014,0,0,13,0,0,2,,,,,0
20170223-00:00,Mist,9,0,0,,78,,1014,0,0,12,0,0,2,290,WNW,,,7.4
20170223-03:00,Mist,10,0,0,,68,,1015,0,0,14,0,0,2,230,SW,,,9.3
20170223-06:00,Haze,9,0,0,,29,,1016,0,0,23,0,0,2,270,West,,,18.5
20170223-09:00,Blowing Sand,1,0,0,,12,,1014,0,0,25,0,0,4,320,NW,,,33.3
20170223-12:00,Haze,6,0,0,,21,,1014,0,0,23,0,0,4,290,WNW,,,18.5
20170223-15:00,Haze,9,0,0,,42,,1016,0,0,19,0,0,2,290,WNW,,,7.4
20170223-18:00,Haze,8,0,0,,47,,1017,0,0,17,0,0,2,270,West,,,11.1
20170223-21:00,Haze,7,0,0,,46,,1016,0,0,16,0,0,2,320,NW,,,9.3
20170224-00:00,Haze,8,0,0,,58,,1016,0,0,14,0,0,2,270,West,,,11.1
20170224-03:00,Haze,8,0,0,,49,,1017,0,0,16,0,0,2,290,WNW,,,14.8
20170224-06:00,Blowing Sand,8,0,0,,30,,1018,0,0,22,0,0,4,290,WNW,,,25.9
20170224-09:00,Blowing Sand,7,0,0,,22,,1015,0,0,25,0,0,2,320,NW,,,18.5
20170224-12:00,Haze,9,0,0,,30,,1015,0,0,23,0,0,2,320,NW,,,16.7
20170224-15:00,Haze,9,0,0,,41,,1016,0,0,19,0,0,2,270,West,,,14.8
20170224-18:00,Haze,9,0,0,,44,,1016,0,0,18,0,0,2,270,West,,,18.5
20170224-21:00,Haze,9,0,0,,49,,1016,0,0,16,0,0,2,270,West,,,13
20170225-00:00,Haze,8,0,0,,52,,1015,0,0,15,0,0,2,270,West,,,13
20170225-03:00,Haze,8,0,0,,52,,1016,0,0,15,0,0,2,270,West,,,14.8
20170225-06:00,Blowing Sand,8,0,0,,26,,1016,0,0,24,0,0,2,320,NW,,,27.8
20170225-12:00,Haze,10,0,0,,26,,1012,0,0,26,0,0,4,270,West,,,16.7
20170225-15:00,Haze,11,0,0,,49,,1014,0,0,20,0,0,2,290,WNW,,,5.6
20170225-18:00,Mist,13,0,0,,70,,1014,0,0,17,0,0,2,,,,,0
20170225-21:00,Mist,13,0,0,,78,,1013,0,0,16,0,0,2,230,SW,,,5.6
20170226-00:00,Mist,12,0,0,,85,,1012,0,0,13,0,0,2,250,WSW,,,3.7
20170226-03:00,Mist,11,0,0,,77,,1014,0,0,14,0,0,1,270,West,,,13
20170226-06:00,Haze,12,0,0,,39,,1014,0,0,23,0,0,2,270,West,,,22.2
20170226-09:00,Haze,10,0,0,,23,,1011,0,0,27,0,0,2,270,West,,,18.5
20170226-12:00,Haze,10,0,0,,28,,1011,0,0,26,0,0,2,270,West,,,16.7
20170226-15:00,Haze,12,0,0,,60,,1012,0,0,18,0,0,2,320,NW,,,3.7
20170226-18:00,Mist,12,0,0,,76,,1013,0,0,15,0,0,2,270,West,,,7.4
20170226-21:00,Mist,11,0,0,,84,,1012,0,0,14,0,0,2,290,WNW,,,3.7
20170227-00:00,Mist,11,0,0,,89,,1012,0,0,12,0,0,2,270,West,,,3.7
20170227-03:00,Haze,10,0,0,,64,,1015,0,0,16,0,0,2,230,SW,,,7.4
20170227-06:00,Haze,11,0,0,,30,,1016,0,0,26,0,0,2,270,West,,,11.1
20170227-09:00,Haze,10,0,0,,21,,1014,0,0,28,0,0,4,320,NW,,,13
20170227-12:00,Haze,12,0,0,,29,,1013,0,0,27,0,0,4,340,NNW,,,5.6
20170227-15:00,Haze,14,0,0,,65,,1014,0,0,19,0,0,2,,,,,0
20170227-18:00,Mist,14,0,0,,77,,1015,0,0,16,0,0,2,,,,,0
20170227-21:00,Mist,14,0,0,,92,,1015,0,0,15,0,0,2,,,,,0
20170228-00:00,Mist,13,0,0,,99,,1014,0,0,14,0,0,2,,,,,0
20170228-03:00,Mist,15,0,0,,91,,1016,0,0,16,0,0,1,,,,,0
20170228-06:00,Haze,10,0,0,,23,,1016,0,0,28,0,0,2,230,SW,,,11.1
20170228-09:00,Haze,11,0,0,,18,,1013,0,0,32,0,0,2,50,NE,,,9.3
20170228-11:00,Haze,11,0,0,,29,,1012,0,0,31,0,0,3,90,East,,,11.1
20170228-12:00,Haze,12,0,0,,24,,1011,0,0,29,0,0,2,70,ENE,,,3.7
20170228-15:00,Haze,13,0,0,,47,,1012,0,0,22,0,0,2,,,,,0
20170228-18:00,Haze,14,0,0,,63,,1012,0,0,19,0,0,2,,,,,0
20170228-21:00,Haze,15,0,0,,71,,1012,0,0,19,0,0,2,,,,,0
20170301-00:00,Haze,14,0,0,,66,,1012,0,0,20,0,0,2,20,NNE,,,9.3
20170301-03:00,Haze,13,0,0,,55,,1014,0,0,20,0,0,2,50,NE,,,5.6
20170301-03:30,Haze,13,0,0,,60,,1014,0,0,21,0,0,2,50,NE,,,7.4
20170301-04:00,Haze,13,0,0,,57,,1015,0,0,22,0,0,3,90,East,,,9.3
20170301-05:30,Haze,12,0,0,26.8,39,,1015,0,0,27,0,0,3,90,East,,,11.1
20170301-06:00,Haze,12,0,0,,29,,1014,0,0,27,0,0,2,90,East,,,11.1
20170301-07:00,Haze,13,0,0,27,42,,1014,0,0,27,0,0,3,90,East,,,11.1
20170301-09:00,Haze,12,0,0,,23,,1011,0,0,30,0,0,2,110,ESE,,,7.4
20170301-09:30,Haze,13,0,0,29.2,35,,1012,0,0,30,0,0,3.5,140,SE,,,7.4
20170301-12:00,Haze,14,0,0,,31,,1010,0,0,29,0,0,2,70,ENE,,,3.7
20170301-15:00,Haze,15,0,0,,51,,1012,0,0,23,0,0,2,,,,,0
20170301-18:00,Haze,16,0,0,,65,,1013,0,0,21,0,0,2,,,,,0
20170301-21:00,Haze,16,0,0,,70,,1012,0,0,21,0,0,2,,,,,0
20170302-00:00,Mist,15,0,0,,80,,1012,0,0,17,0,0,2,,,,,0
20170302-03:00,Haze,14,0,0,,67,,1014,0,0,19,0,0,1,340,NNW,,,3.7
20170302-03:30,Haze,15,0,0,,73,,1015,0,0,20,0,0,1.5,340,NNW,,,5.6
20170302-04:00,Haze,16,0,0,,69,,1015,0,0,22,0,0,2,90,East,,,3.7
20170302-04:30,Haze,16,0,0,,69,,1015,0,0,22,0,0,2,90,East,,,3.7
20170302-05:30,Haze,15,0,0,,57,,1015,0,0,24,0,0,1.5,230,SW,,,5.6
20170302-06:00,Haze,15,0,0,,46,,1014,0,0,24,0,0,1,230,SW,,,7.4
20170302-06:30,Haze,15,0,0,,54,,1014,0,0,25,0,0,1.5,230,SW,,,7.4
20170302-07:00,Haze,15,0,0,,51,,1013,0,0,26,0,0,2,230,SW,,,3.7
20170302-08:00,Haze,16,0,0,,54,,1013,0,0,26,0,0,2,230,SW,,,7.4
20170302-09:00,Haze,15,0,0,,38,,1010,0,0,27,0,0,2,230,SW,,,7.4
20170302-09:30,Haze,14,0,0,27.8,42,,1011,0,0,28,0,0,2.5,210,SSW,,,7.4
20170302-10:00,Haze,14,0,0,27.8,42,,1010,0,0,28,0,0,2.5,220,SW,,,11.1
20170302-11:00,Haze,14,0,0,27.8,42,,1010,0,0,28,0,0,2.5,270,West,,,9.3
20170302-11:30,Haze,15,0,0,27.3,48,,1010,0,0,27,0,0,2.5,270,West,,,7.4
20170302-12:00,Haze,14,0,0,,35,,1009,0,0,27,0,0,2,270,West,,,7.4
20170302-13:00,Haze,14,0,0,,50,,1010,0,0,25,0,0,2,250,WSW,,,7.4
20170302-15:00,Haze,15,0,0,,55,,1011,0,0,22,0,0,2,290,WNW,,,5.6
20170302-18:00,Haze,13,0,0,,56,,1011,0,0,20,0,0,2,320,NW,,,7.4
20170302-21:00,Haze,11,0,0,,57,,1011,0,0,18,0,0,2,,,,,0
20170303-00:00,Mist,11,0,0,,74,,1011,0,0,14,0,0,2,,,,,0
20170303-03:00,Haze,11,0,0,,62,,1012,0,0,16,0,0,2,270,West,,,1.9
20170303-06:00,Smoke,3,0,0,,13,,1012,0,0,27,0,0,4,320,NW,,,11.1
20170303-09:00,Smoke,1,0,0,,10,,1010,0,0,27,0,0,4,320,NW,,,22.2
20170303-12:00,Smoke,8,0,0,,26,,1009,0,0,24,0,0,2,320,NW,,,9.3
20170303-15:00,Haze,10,0,0,,38,,1010,0,0,21,0,0,2,340,NNW,,,3.7
20170303-18:00,Haze,11,0,0,,54,,1011,0,0,19,0,0,2,270,West,,,7.4
20170303-21:00,Haze,10,0,0,,63,,1010,0,0,16,0,0,2,270,West,,,3.7
20170304-00:00,Mist,9,0,0,,71,,1009,0,0,13,0,0,2,320,NW,,,3.7
20170304-03:00,Haze,9,0,0,,49,,1011,0,0,16,0,0,2,270,West,,,9.3
20170304-06:00,Haze,6,0,0,,22,,1011,0,0,23,0,0,2,290,WNW,,,16.7
20170304-09:00,Haze,2,0,0,,11,,1008,0,0,26,0,0,4,340,NNW,,,13
20170304-12:00,Haze,6,0,0,,19,,1008,0,0,25,0,0,4,290,WNW,,,13
20170304-15:00,Haze,10,0,0,,46,,1011,0,0,19,0,0,2,290,WNW,,,3.7
20170304-18:00,Haze,10,0,0,,60,,1011,0,0,16,0,0,2,270,West,,,3.7
20170304-21:00,Mist,11,0,0,,67,,1011,0,0,15,0,0,2,270,West,,,3.7
20170305-00:00,Mist,10,0,0,,75,,1010,0,0,14,0,0,2,270,West,,,3.7
20170305-03:00,Haze,8,0,0,,55,,1012,0,0,15,0,0,2,250,WSW,,,13
20170305-06:00,Haze,5,0,0,,17,,1012,0,0,24,0,0,2,320,NW,,,24.1
20170305-09:00,Haze,5,0,0,,15,,1009,0,0,27,0,0,2,320,NW,,,14.8
20170305-12:00,Haze,5,0,0,,15,,1009,0,0,26,0,0,2,320,NW,,,18.5
20170305-15:00,Haze,10,0,0,,43,,1011,0,0,20,0,0,2,270,West,,,5.6
20170305-18:00,Haze,9,0,0,,50,,1011,0,0,17,0,0,2,,,,,0
20170305-21:00,Haze,10,0,0,,60,,1010,0,0,15,0,0,2,,,,,0
20170306-00:00,Haze,8,0,0,,66,,1010,0,0,13,0,0,2,270,West,,,3.7
20170306-03:00,Smoke,8,0,0,,46,,1012,0,0,16,0,0,2,270,West,,,11.1
20170306-04:00,Smoke,7,0,0,,46,,1012,0,0,19,0,0,2.5,270,West,,,14.8
20170306-06:00,Haze,6,0,0,,19,,1012,0,0,24,0,0,2,270,West,,,18.5
20170306-09:00,Haze,6,0,0,,15,,1009,0,0,28,0,0,2,270,West,,,18.5
20170306-12:00,Haze,8,0,0,,20,,1009,0,0,27,0,0,2,270,West,,,14.8
20170306-15:00,Haze,11,0,0,,44,,1010,0,0,21,0,0,2,290,WNW,,,5.6
20170306-18:00,Haze,11,0,0,,55,,1010,0,0,18,0,0,2,,,,,0
20170306-21:00,Mist,11,0,0,,71,,1009,0,0,14,0,0,2,,,,,0
20170307-00:00,Mist,10,0,0,,75,,1009,0,0,14,0,0,2,,,,,0
20170307-03:00,Haze,10,0,0,,49,,1011,0,0,18,0,0,2,250,WSW,,,3.7
20170307-06:00,Smoke,3,0,0,,12,,1011,0,0,28,0,0,2,320,NW,,,9.3
20170307-09:00,Smoke,8,0,0,,17,,1007,0,0,29,0,0,2,340,NNW,,,7.4
20170307-12:00,Smoke,11,0,0,,22,,1006,0,0,29,0,0,2,110,ESE,,,5.6
20170307-15:00,Haze,13,0,0,,43,,998,0,0,24,0,0,2,70,ENE,,,3.7
20170307-18:00,Haze,14,0,0,,63,,1009,0,0,20,0,0,2,320,NW,,,14.8
20170307-21:00,Haze,12,0,0,,51,,1008,0,0,19,0,0,2,50,NE,,,3.7
20170308-00:00,Overcast,10,0,0,,41,,1009,0,0,21,0,0,1,20,NNE,,,11.1
20170308-02:00,Light Drizzle,11,0,0,,56,,1011,0,0,20,0,0,2,300,WNW,,,7.4
20170308-02:30,Light Rain,12,0,0,,64,,1011,1,0,19,0,0,2.5,20,NNE,,,11.1
20170308-03:00,Light Drizzle,12,0,0,,50,,1010,1,0,20,0,0,2,70,ENE,,,14.8
20170308-03:30,Light Drizzle,11,0,0,,56,,1012,0,0,20,0,0,2.5,30,NNE,,,11.1
20170308-06:00,Haze,12,0,0,,38,,1010,0,0,24,0,0,2,0,North,,,18.5
20170308-09:00,Haze,13,0,0,,34,,1007,0,0,26,0,0,4,50,NE,,,5.6
20170308-12:00,Haze,14,0,0,,40,,1006,0,0,26,0,0,2,50,NE,,,14.8
20170308-15:00,Haze,16,0,0,,57,,1007,0,0,22,0,0,2,90,East,,,3.7
20170308-18:00,Haze,15,0,0,,61,,1008,0,0,21,0,0,2,340,NNW,,,7.4
20170308-21:00,Drizzle,16,0,0,,83,,1007,1,0,18,0,0,2,50,NE,,,7.4
20170309-00:00,Mist,15,0,0,,96,,1007,0,0,16,0,0,2,,,,,0
20170309-03:00,Mist,14,0,0,,76,,1009,0,0,17,0,0,2,90,East,,,3.7
20170309-06:00,Haze,14,0,0,,39,,1009,0,0,25,0,0,2,140,SE,,,7.4
20170309-08:30,Haze,15,0,0,28,45,,1008,0,0,28,0,0,3.5,110,ESE,,,13
20170309-09:00,Haze,15,0,0,,34,,1006,0,0,28,0,0,2,90,East,,,14.8
20170309-09:30,Haze,14,0,0,,47,,1007,0,0,26,0,0,2.5,140,SE,,,9.3
20170309-10:30,Heavy Thunderstorms and Rain,16,0,0,,69,,1007,1,0,22,1,0,2,290,WNW,,,18.5
20170309-11:30,Mostly Cloudy,17,0,0,,94,,1007,0,0,18,0,0,2.5,90,East,,,5.6
20170309-12:00,Mist,18,0,0,,89,,1006,0,0,20,0,0,2,50,NE,,,5.6
20170309-12:30,Mostly Cloudy,18,0,0,,88,,1007,0,0,20,0,0,3,70,ENE,,,7.4
20170309-13:00,Mostly Cloudy,17,0,0,,88,,1007,0,0,19,0,0,3,70,ENE,,,7.4
20170309-15:00,Mist,14,0,0,,70,,1008,0,0,18,0,0,2,50,NE,,,7.4
20170309-18:00,Haze,12,0,0,,66,,1008,0,0,17,0,0,2,70,ENE,,,9.3
20170309-21:00,Haze,12,0,0,,66,,1007,0,0,17,0,0,2,110,ESE,,,7.4
20170310-00:00,Light Drizzle,15,0,0,,84,,1007,1,0,16,0,0,2,110,ESE,,,7.4
20170310-03:00,Mist,15,0,0,,80,,1008,0,0,17,0,0,2,50,NE,,,9.3
20170310-04:00,Mostly Cloudy,15,0,0,,78,,1008,0,0,19,0,0,3,70,ENE,,,7.4
20170310-05:00,Haze,15,0,0,,64,,1009,0,0,22,0,0,3,160,SSE,,,7.4
20170310-06:00,Haze,16,0,0,,55,,1008,0,0,23,0,0,2,110,ESE,,,11.1
20170310-06:30,Haze,16,0,0,,61,,1008,0,0,24,0,0,4,120,ESE,,,13
20170310-07:30,Haze,16,0,0,,61,,1007,0,0,24,0,0,4,140,SE,,,9.3
